1037251	32791978	16501,16502,16762,1125058,16973,1125061,1125059,1125079,1125078,1125053,1125146,27182,37473,1125057,16743,1125145,1125037,1125138,44814,1125080,1125063,16156,54725	Evelope protein(20-28),Evelope protein(20-29),Evelope protein(26-34),Evelope protein(20-27),Membrane glycoprotein(53-62),Membrane glycoprotein(45-54),Membrane glycoprotein(26-34),Membrane glycoprotein(15-22),Nucleocapsid phosphoprotein(338-346),Nucleocapsid phosphoprotein(399-407),Nucleocapsid phosphoprotein(112-121),Nucleocapsid phosphoprotein(351-359),Nucleocapsid phosphoprotein(222-230),ORF1ab polyprotein(825-833),ORF1ab polyprotein(3639-3647),ORF1ab polyprotein(2363-2371),ORF1ab polyprotein(4094-4101),Spike protein(1196-1203),Spike protein(1192-1200),Spike protein(386-395),Spike protein(857-865),Spike protein(1220-1228),Spike protein(1000-1008)	FLAFVVFLL,FLAFVVFLLV,FLLVTLAIL,FLAFVVFL,FLWLLWPVTL,FLYIIKLIFL,FLFLTWICL,KLLEQWNL,KLDDKDPNF,DLDDFSKQL,YLGTGPEAGL,ILLNKHIDA,LLLDRLNQL,FGDDTVIEV,FLLPSLATV,WLMWLIINL,ALWEIQQV,SLIDLQEL,NLNESLIDL,KLNDLCFTNV,GLTVLPPLL,FIAGLIAIV,RLQSLQTYV
1038382	33664060	1309147,1330469,190494,37289,1309137,1074952,1319519,54680,38881,64710,34851,1346790,1346749,1346751,1346752,1346754,1346753,1346755,1346762,1346769,1346770,1346776,1346735,1346774,1346784,1346786,1346787,1346767	SARS-CoV2-S-269-277,SARS-CoV2-M-89-97,SARS-CoV2-N-322-331,SARS-CoV2-S-821-829,SARS-CoV2-S-691-699,SARS-CoV2-S-424-433,SARS-CoV2-S-417-425,SARS-CoV2-S-1185-1193,SARS-CoV2-N-159-167,SARS-CoV2-M-61-70,SARS-CoV2-N-219-227,SARS-CoV2-S-mut1,SARS-CoV2-M-mut1,SARS-CoV2-N-mut1,SARS-CoV2-S-mut2,SARS-CoV2-S-mut3,SARS-CoV2-S-mut4,SARS-CoV2-S-mut5,SARS-CoV2-N-mut1,SARS-CoV2-N-mut2,SARS-CoV2-N-mut3,SARS-CoV2-S-mut6,SARS-CoV2-S-mut7,SARS-CoV2-S-mut8,SARS-CoV2-S-mut9,SARS-CoV2-M-mut1,SARS-CoV2-M-mut2,SARS-CoV2-N-mut4	YLQPRTFLL,GLMWLSYFI,MEVTPSGTWL,LLFNKVTLA,SIIAYTMSL,KLPDDFTGCV,KIADYNYKL,RLNEVAKNL,LQLPQGTTL,TLACFVLAAV,LALLLLDRL,YFQPRTFLL,GFMWLSYFI,IEVTPSGTWL,KIAYYNYKL,KLPTDFTGCV,KLPDEFTGCV,LFFNKVTLA,LQLPQGTTS,MEVTPSGTWF,MEVTPSGTWS,RLNVVAKNL,CIIAYTMSL,PIIAYTMSL,STIAYTMSL,TLACFVLAAF,TLACFVPAAV,LVLLLLDRL
1038073	33714753	1334488,1334453	SARS-CoV-2 N 133-179,SARS-CoV-2 N 381-419	WVATEGALNTPKDHIGTRNPANNAAIVLQLPQGTTLPKGFYAEGSRG,ALPQRQKKQQTVTLLPAADLDDFSKQLQQSMSSADSTQA
1037941	-1	7122,1311144,1311201,1310872,66952,54680,1309147,33667,1310756,1330486	CTDDNALAYY,DTDFVNEFY,PTDNYITTY,TTDPSFLGRY,TVATSRTLSY,RLNEVAKNL,YLQPRTFLL,KTFPPTEPK,QYIKWPWYI,ILMTARTVY	CTDDNALAYY,DTDFVNEFY,PTDNYITTY,TTDPSFLGRY,TVATSRTLSY,RLNEVAKNL,YLQPRTFLL,KTFPPTEPK,QYIKWPWYI,ILMTARTVY
1037412	32844713	1309555,1309522,1309570,1309574,1309510,1309611,1309533,1309587,1309556,1309624,1309536,1309546,1309478,1309470,1309621,1309567,1309462,1309534,1309515,1309585,1309442,1309592,1309593,1309450,1309505,1309565,1309463,1309535,1309440,1309538,1309472,1309553,1309541,1309563,1309501,1309490,1309506,1309573,1309468,1309554,1309459,1309589,1309482,1309577,1309602,1309603,1309531,1309464,1309557,1309444,1309492,1309480,1309596,1309454,1309491,1309576,1309564,1309461,1309588,1309441,1309595,1309493,1309586,1309617,1309424,1309503,1309504,1309447,1309519,1309578,1309606,1309566,1309429,1309532,1309613,1309494,1309471,1309524,1309558,1309453,1309477,1309523,1309604,1309516,1309600,1309418,1309439,1309562,1309481,1309428,1309599,1309597,1309497,1309605,1309561,1309598,1309451,1309469,1309512,1309608,1309518,1309581,1309616,1309443,1309475,1309467,1309525,1309426,1309618,1309584,1309529,1309590,1309540	S1-1,S1-2,S1-3,S1-4,S1-5,S1-6,S1-7,S1-9,S1-13,S1-14,S1-16,S1-17,S1-18,S1-19,S1-20,S1-21,S1-22,S1-23,S1-24,S1-25,S1-26,S1-27,S1-28,S1-29,S1-30,S1-31,S1-32,S1-33,S1-34,S1-35,S1-37,S1-38,S1-39,S1-41,S1-42,S1-43,S1-44,S1-45,S1-46,S1-47,S1-48,S1-49,S1-50,S1-51,S1-52,S1-53,S1-54,S1-55,S1-56,S1-57,S1-58,S1-59,S1-60,S1-61,S1-62,S1-63,S1-64,S1-65,S2-1,S2-3,S2-4,S2-5,S2-7,S2-8,S2-9,S2-10,S2-11,S2-12,S2-13,S2-14,S2-15,S2-16,S2-17,S2-18,S2-21,S2-22,S2-23,S2-24,S2-25,S2-26,S2-27,S2-29,S2-30,S2-32,S2-33,S2-34,S2-35,S2-36,S2-37,S2-38,S2-39,S2-40,S2-41,S2-42,S2-43,S2-46,S2-47,S2-48,S2-49,S2-50,S2-51,S2-52,S2-53,S2-56,S2-57,S2-58,M1,M2,M3,M4,E1,E2,E3	QCVNLTTRTQLPPAYTNSFT,LPPAYTNSFTRGVYYPDKVF,RGVYYPDKVFRSSVLHSTQD,RSSVLHSTQDLFLPFFSNVT,LFLPFFSNVTWFHAIHVSGT,WFHAIHVSGTNGTKRFDNPV,NGTKRFDNPVLPFNDGVYFA,STEKSNIIRGWIFGTTLDSK,QFCNDPFLGVYYHKNNKSWM,YYHKNNKSWMESEFRVYSSA,NNCTFEYVSQPFLMDLEGKQ,PFLMDLEGKQGNFKNLREFV,GNFKNLREFVFKNIDGYFKI,FKNIDGYFKIYSKHTPINLV,YSKHTPINLVRDLPQGFSAL,RDLPQGFSALEPLVDLPIGI,EPLVDLPIGINITRFQTLLA,NITRFQTLLALHRSYLTPGD,LHRSYLTPGDSSSGWTAGAA,SSSGWTAGAAAYYVGYLQPR,AYYVGYLQPRTFLLKYNENG,TFLLKYNENGTITDAVDCAL,TITDAVDCALDPLSETKCTL,DPLSETKCTLKSFTVEKGIY,KSFTVEKGIYQTSNFRVQPT,QTSNFRVQPTESIVRFPNIT,ESIVRFPNITNLCPFGEVFN,NLCPFGEVFNATRFASVYAW,ATRFASVYAWNRKRISNCVA,NRKRISNCVADYSVLYNSAS,FSTFKCYGVSPTKLNDLCFT,PTKLNDLCFTNVYADSFVIR,NVYADSFVIRGDEVRQIAPG,QTGKIADYNYKLPDDFTGCV,KLPDDFTGCVIAWNSNNLDS,IAWNSNNLDSKVGGNYNYLY,KVGGNYNYLYRLFRKSNLKP,RLFRKSNLKPFERDISTEIY,FERDISTEIYQAGSTPCNGV,QAGSTPCNGVEGFNCYFPLQ,EGFNCYFPLQSYGFQPTNGV,SYGFQPTNGVGYQPYRVVVL,GYQPYRVVVLSFELLHAPAT,SFELLHAPATVCGPKKSTNL,VCGPKKSTNLVKNKCVNFNF,VKNKCVNFNFNGLTGTGVLT,NGLTGTGVLTESNKKFLPFQ,ESNKKFLPFQQFGRDIADTT,QFGRDIADTTDAVRDPQTLE,DAVRDPQTLEILDITPCSFG,ILDITPCSFGGVSVITPGTN,GVSVITPGTNTSNQVAVLYQ,TSNQVAVLYQDVNCTEVPVA,DVNCTEVPVAIHADQLTPTW,IHADQLTPTWRVYSTGSNVF,RVYSTGSNVFQTRAGCLIGA,QTRAGCLIGAEHVNNSYECD,EHVNNSYECDIPIGAGICAS,SVASQSIIAYTMSLGAENSV,AYSNNSIAIPTNFTISVTTE,TNFTISVTTEILPVSMTKTS,ILPVSMTKTSVDCTMYICGD,STECSNLLLQYGSFCTQLNR,YGSFCTQLNRALTGIAVEQD,ALTGIAVEQDKNTQEVFAQV,KNTQEVFAQVKQIYKTPPIK,KQIYKTPPIKDFGGFNFSQI,DFGGFNFSQILPDPSKPSKR,LPDPSKPSKRSFIEDLLFNK,SFIEDLLFNKVTLADAGFIK,VTLADAGFIKQYGDCLGDIA,QYGDCLGDIAARDLICAQKF,ARDLICAQKFNGLTVLPPLL,NGLTVLPPLLTDEMIAQYTS,WTFGAGAALQIPFAMQMAYR,IPFAMQMAYRFNGIGVTQNV,FNGIGVTQNVLYENQKLIAN,LYENQKLIANQFNSAIGKIQ,QFNSAIGKIQDSLSSTASAL,DSLSSTASALGKLQDVVNQN,GKLQDVVNQNAQALNTLVKQ,LSSNFGAISSVLNDILSRLD,VLNDILSRLDKVEAEVQIDR,LITGRLQSLQTYVTQQLIRA,TYVTQQLIRAAEIRASANLA,AEIRASANLAATKMSECVLG,ATKMSECVLGQSKRVDFCGK,QSKRVDFCGKGYHLMSFPQS,GYHLMSFPQSAPHGVVFLHV,APHGVVFLHVTYVPAQEKNF,TYVPAQEKNFTTAPAICHDG,TTAPAICHDGKAHFPREGVF,KAHFPREGVFVSNGTHWFVT,VSNGTHWFVTQRNFYEPQII,QRNFYEPQIITTDNTFVSGN,TVYDPLQPELDSFKEELDKY,DSFKEELDKYFKNHTSPDVD,FKNHTSPDVDLGDISGINAS,LGDISGINASVVNIQKEIDR,VVNIQKEIDRLNEVAKNLNE,LNEVAKNLNESLIDLQELGK,SLIDLQELGKYEQYIKWPWY,YEQYIKWPWYIWLGFIAGLI,CMTSCCSCLKGCCSCGSCCK,GCCSCGSCCKFDEDDSEPVL,FDEDDSEPVLKGVKLHYT,MADSNGTITVEELKKLLEQ,ANRNRFLYIIK,YRINWITGGI,SSDNIALLVQ,MYSFVSEETGT,TALRLCAYCC,NSSRVPDLLV
1038383	33662593	1338498	S461-493	LKPFERDISTEIYQAGSTPCNGVEGFNCYFPLQ
1037576	33128877	32240,1309147,1311180,2998,37473,1311238,1309115,1310872,1311201,5149,7122,1311195,1311144,1311156,33667,1311170,1311232,1311176,1311231,4936,4307,5150,1310756,1310934,72048,60242,1311209,28050,32240,1311173,1311174,1311213,1311171,60242,38698,38698,1311200,1311214	KLW,YLQ,LLY,ALW,LLL,YLF,FTS,TTD,PTD,ATS,CTD,NTC,DTD,GTD,KTF,KCY,VTN,KTI,VTD,ATE,ASA,ATS,QYI,VYF,VYI,SPR,RPD,IPR,SARS-CoV,OC43,HKU1,NL63,229E,SARS-CoV P2,OC43 P2,HKU1 P2,NL63 P2,229E P2	KLWAQCVQL,YLQPRTFLL,LLYDANYFL,ALWEIQQVV,LLLDRLNQL,YLFDESGEFKL,FTSDYYQLY,TTDPSFLGRY,PTDNYITTY,ATSRTLSYY,CTDDNALAYY,NTCDGTTFTY,DTDFVNEFY,GTDLEGNFY,KTFPPTEPK,KCYGVSPTK,VTNNTFTLK,KTIQPRVEK,VTDTPKGPK,ATEGALNTPK,ASAFFGMSR,ATSRTLSYYK,QYIKWPWYI,VYFLQSINF,VYIGDPAQL,SPRWYFYYL,RPDTRYVL,IPRRNVATL,KLWAQCVQL,KLWHYCSTL,KLWQYCSVL,SEWAYCVDL,KEWAYCVEM,SPRWYFYYL,LPRWYFYYL,LPRWYFYYL,PPKVHFYYL,SPKLHFYYL
1037882	33326767	1309147,54725,1319519,16156,37289,2801,1074952,36724,69657,54680,44814,1309137,54507	YLQ,RLQ,KIA,FIA,LLF,ALN,KLP,LIT,VLN,RLN,NLN,SII,RLD	YLQPRTFLL,RLQSLQTYV,KIADYNYKL,FIAGLIAIV,LLFNKVTLA,ALNTLVKQL,KLPDDFTGCV,LITGRLQSL,VLNDILSRL,RLNEVAKNL,NLNESLIDL,SIIAYTMSL,RLDKVEAEV
1038545	33830946	1354273,1366891,1370489,1356376	SARS-CoV-2 S 232-248,SARS-CoV-2 S 134-150,SARS-CoV-2 S 813-829,HCoV-NL63 S 867-883	GINITRFQTLLALHRSY,QFCNDPFLGVYHKNNK,SKRSFIEDLLFNKVTLA,IAGRSALEDLLFSKVVT
1037960	33853928	234,7122,1331147,1332000,1309115,1074924,1332615,1332664,1311201,1333691,1325390,1325414,1333964,1333978,66426,1310872,1325944,1334141,1334148,1327990,1330713,1074846,1331626,16156,1311559,1311989,1331963,1329407,1318059,32060,32183,1330500,1332510,1332523,1332611,1332930,1332947,1332969,1333395,1333435,1333520,1333584,59312,69657,71663,1334374,1334376,1311170,1312859,33667,1331116,1331178,1315668,1331464,18375,1333522,1333885,1333952,63762,1330227,1334122,72048,72100,1330660,76569,1087430,1314077,1334431,1332600,1313153,60242,24466,1074981,1332909,1332929,1310684,1323485,57856,1333653,1334335,1334350,1330905,7247,1316317,1332011,1332299,31216,1332499,32976,1332642,1310599,1332673,1332741,1330579,1324090,1333959,1326261,1334230,1334302,1330659,1334364,1331140,1332016,1332707,1332984,1332710,1333443,1333777,1331013,1331931,1332015,1330491,1332706,1310623,1310626,1332748,1332786,1087399,1333636,1334275,1334349,1334400,1330720,1074884,1331954,17675,1318987,1330515,1332702,1332727,1333001,1323646,1333468,1333782,1333785,1333792,1333801,1333812,1075065,1333921,1330632,1334084,1326262,1334412,76063,1328804,1328829,1125037,2998,1330999,1331069,1331943,1125057,1331968,16820,1331972,16973,1331974,1332008,1332010,1311993,1330469,21347,23215,1332260,1312003,1312004,1319519,1332471,1332486,1312861,1332489,1312008,1312010,1074952,1332542,1332543,37473,37515,1332668,1311180,38043,42128,55444,1310804,1330587,1125138,1312039,1312041,1309138,59778,1333878,65176,1312048,1334231,69720,1312055,1312062,1330848,1331941,1331946,1329486,1332312,1332749,1330548,1330556,1333300,1324117,56531,1333523,1333525,1313717,1333888,62705,1333951,1333955,1313818,1334119,1334121,1334171,1334183,1334248,72148,1075120,1334348,1075121,1309147,1310280,3589,1330488,28087,1332394,1332518,1330508,45385,1333721,1311590,60255,1334054,1330641,70250,1330954,1310278,1331581,17330,1074891,17385,21680,28050,1319902,1311570,1332625,1332630,1330519,1332784,1332924,1333034,1333441,1075075,1334265,1334341,1334365,1331598,1316353,1332428,1332495,1332742,51585,1333772,1334206,1334234,1334362,1332037,1334279,1334326,1334397,1331010,1331958,1331988,1332012,1333028,1309136,1326322,1334274,1334276,1334277,1334309,1334312,1310408,1332461,1313188,1333222,1334061,1334320,1330657,1334344,1334429,1331139,1331337,1331926,1331952,1331953,17921,1332293,1332297,1332424,1333223,1333450,1333568,1333923,66952,1327124,1334361,1334416,2682,1330879,1331642,18133,18219,24313,27078,1332376,1330492,32240,44927,1312030,1330571,54507,1333325,1330573,1330588,1334384,1312770,1311554,5686,1331115,1312250,1310379,1310380,1074916,1332236,1332346,1332462,40914,47524,56634,1333886,1330421,3810,1310370,1310371,1316854,1332388,1332516,1332520,1330521,1332697,38783,42260,1332822,1333410,1324899,1325795,1075079,65739,1334253,1334258,1334260,1331987,1332257,1332258,1332730,1332809,1333954,1333994,54847,71916,1330826,1314857,1331695,1332621,1332709,1332850,1332980,1310756,1333433,1334184,1334202,1334278,1334323,1334394,1334401,1075128,1332159,1332478,1332705,1332792,1332994,1333365,1333386,1333778,1333907,1334399,1332014,1332250,1332437,1333067,1334060,1334346,75718,71290,70898,20354,6568,20788,16979,44920,76333,69452,66913,27283,54728,67236,56390,5316,56650,67349,10856,5731,21665,65748,55169,55251,13263,53128,13257,50298,16878,51685,35533,65880,32289,21870,4349,5439,3537,28061	ORF1,ORF1,ORF1,ORF1,ORF3,ORF1,ORF1,S,ORF1,ORF1,ORF1,ORF1,ORF1,ORF1,ORF1,ORF1,ORF1,M,ORF8,ORF3,N,ORF3,ORF1,S,ORF1,ORF1,ORF8,S,S,ORF1,ORF1,ORF1,ORF1,ORF1,ORF1,ORF3,ORF1,ORF3,ORF1,ORF1,S,ORF1,ORF1,S,S,ORF1,ORF1,S,ORF1,N,M,ORF1,ORF1,ORF3,ORF1,ORF1,ORF1,ORF1,ORF1,S,S,ORF1,ORF1,ORF1,ORF1,ORF3,ORF1,ORF1,ORF1,S,N,ORF7,S,ORF1,ORF1,M,ORF3,M,ORF1,ORF1,ORF1,ORF1,S,M,ORF1,ORF1,ORF1,ORF1,ORF1,ORF7,N,ORF1,S,ORF1,M,ORF1,S,ORF1,ORF1,ORF1,ORF1,ORF3,ORF1,ORF1,ORF1,ORF1,ORF1,ORF1,ORF1,ORF1,ORF1,S,ORF1,S,E,ORF1,ORF1,S,ORF1,ORF3,ORF3,ORF1,ORF3,S,ORF7,ORF1,ORF1,S,S,S,ORF1,ORF1,ORF1,S,ORF1,N,S,S,S,S,ORF1,ORF1,M,ORF1,ORF1,S,ORF1,ORF1,ORF1,ORF1,ORF1,S,ORF1,ORF1,ORF1,ORF1,M,ORF1,ORF1,ORF3,ORF1,M,N,ORF1,ORF6,ORF1,ORF1,S,ORF1,ORF8,ORF1,ORF1,ORF1,ORF1,S,ORF1,ORF1,N,N,M,ORF3,ORF1,ORF1,ORF1,ORF6,ORF1,S,ORF1,ORF1,ORF1,M,ORF1,ORF1,ORF1,S,N,ORF1,ORF1,ORF1,ORF1,ORF1,S,N,ORF1,S,ORF1,M,S,ORF1,S,ORF1,ORF1,ORF3,ORF1,S,ORF1,ORF1,ORF1,ORF1,S,S,ORF1,ORF1,S,ORF1,S,S,ORF1,S,ORF1,ORF1,ORF1,ORF1,ORF1,ORF1,ORF7,S,ORF1,ORF1,ORF1,ORF1,M,ORF3,ORF7,ORF1,S,N,ORF1,ORF1,ORF1,N,ORF6,ORF1,ORF1,ORF1,ORF1,ORF1,ORF1,S,ORF1,ORF1,ORF1,ORF1,S,ORF1,ORF1,ORF1,ORF1,M,ORF1,S,ORF1,ORF1,ORF1,ORF1,ORF1,ORF1,S,S,ORF1,ORF1,N,S,ORF1,ORF1,ORF1,ORF1,ORF1,ORF3,ORF1,ORF1,S,S,ORF1,ORF1,ORF1,ORF1,S,ORF1,ORF7,ORF1,ORF1,ORF1,ORF1,ORF1,S,ORF8,S,S,ORF1,M,ORF1,ORF1,S,ORF1,ORF3,S,ORF1,M,ORF6,ORF1,ORF1,ORF1,ORF1,ORF1,ORF1,ORF1,S,S,ORF1,ORF1,ORF1,ORF1,N,ORF1,M,ORF1,ORF8,ORF8,S,ORF1,ORF1,ORF7,ORF1,ORF1,M,S,ORF1,N,ORF8,S,S,ORF1,ORF1,ORF1,ORF1,S,ORF1,ORF1,ORF1,S,S,S,S,ORF1,ORF1,ORF1,ORF1,M,ORF1,M,ORF1,ORF1,ORF6,ORF3,ORF1,ORF1,ORF1,ORF1,ORF1,ORF1,ORF1,ORF1,ORF1,S,ORF1,S,ORF1,ORF1,ORF1,S,ORF1,E,ORF1,N,ORF1,N,ORF1,M,N,ORF1,ORF1,ORF1,ORF1,ORF1,ORF3,ORF1,S,ORF1,CMV  pp65  YSE,CMV  pp50 VTE,FLU BP VSD,FLU MP 58-66 GIL,EBV LMP CLG,EBV BMF1 GLC,EBV LMP2 FLY,CMV  pp65  NLV,EBV BRLF1 YVL,CMV  IE1  VLE,CMV  pp150  TTV,FLU NP 265-273 ILR,EBV EBNA 3a  RLR,CMV  pp150  TVY,EBV BRLF1 148-56 RVR,EBV-EBNA4,EBV EBNA-3 114-121,EBV  LMP-2 419-427,EBV Rta 28-37,HCMV  248-256,HCMV  pp65,CMV pp65 TPR,CMV pp65 RPH-L,EBV EBNA RPP,FLU NP (C8),EBV BZLF1 (C9),CMV IE1,EBV EBNA 3A (C10),EBV EBNA 3A (C11),EBV Nuclear antigen EBNA-3C,EBV EBNA3A nuclear protein,Influenza polymerase PB1,Influenza polymerase PB1,EBV EBNA3B (EBNA4A) latent protein,Flu Matrix (C15),EBV EBNA 3B (C16),EBV BZLF1 (C17),CMV pp65	AAISDYDYY,CTDDNALAYY,CTEIDPKLDNY,FTCASEYTGNY,FTSDYYQLY,HTTDPSFLGRY,LGDVRETMSY,LLTDEMIAQY,PTDNYITTY,SNSGSDVLY,TDNYITTY,TEIDPKLDNYY,TIEVNSFSGY,TITQMNLKY,TSSGDATTAY,TTDPSFLGRY,TTDPSFLGRYM,VATSRTLSYY,VDDPCPIHFY,YFTSDYYQLY,AADLDDFSKQL,ALSKGVHFV,ELDERIDKV,FIAGLIAIV,FLAHIQWMV,FLARGIVFM,FLGIITTV,FLPFFSNV,HLMSFPQSA,KLNVGDYFV,KLSYGIATV,KLVNKFLAL,KNLSDRVVFV,KQGDDYVYL,LFLLPSLATV,NLLLLFVTV,NLYDKLVSSFL,NPLLYDANYFL,RTIKVFTTV,SALWEIQQVV,SFELLHAPATV,SLDTYPSLETI,SLLSVLLSM,VLNDILSRL,VVFLHVTYV,YLYFIKGLNNL,YMHHMELPTGV,KCYGVSPTK,KLFDRYFKY,KTFPPTEPK,AYANRNRFL,DDYQGKPLEF,DYKHYTPSF,DYYQLYSTQL,FYAYLRKHF,SFGPLVRKI,SVYYTSNPTTF,TFISAARQGF,TFTYASALW,TQDLFLPFF,TYVPAQEKNFT,VYIGDPAQL,VYMPASWVM,YLPYPDPSRIL,YYPSARIVY,YYQLYSTQL,YYTSNPTTF,YYTSNPTTFHL,LEIPRRNVATL,MIAQYTSAL,SPRWYFYYL,HPLADNKFAL,LPQGFSAL,NINLHTQVV,NLKTLLSL,NRFLYIIKL,QSASKIITL,SFNPETNIL,SLYVNKHAF,YAYLRKHF,YFVVKRHTF,ALRKVPTDNY,CVADYSVLY,FAYANRNRF,FVVEVVDKY,HVGEIPVAY,KIEELFYSY,KMADQAMTQMY,KQFDTYNLW,LLKEPCSSGTY,LLNKHIDAY,LMVVIPDYNTY,LVKNKCVNF,RPQIGVVREF,RVAGDSGFAAY,TICAPLTVF,VASQSIIAY,VLNEKCSAY,VVQQLPETY,YLITPVHVM,YLKLTDNVY,CRSKNPLLY,FYYVWKSYV,LRKHFSMMI,NSFSGYLKL,LRVEAFEYY,SAPPAQYEL,SRVLGLKTL,ARLYYDSMSY,FAIGLALYY,FYYVWKSY,IYKTPPIKDF,LRIMASLVL,LTDEMIAQY,LVKPSFYVY,LYLQYIRKL,MFVKHKHAF,RFDNPVLPF,SLRPDTRYVL,VRIIMRLWL,YFTSDYYQL,YRYNLPTM,AAGLEAPFLY,FCNDPFLGVYY,FIRQEEVQELY,FSAVGNICY,ITDVFYKENSY,LADAGFIKQY,LQELGKYEQY,LTDEMIAQYT,NTSRYWEPEFY,QVVDMSMTY,SDGTGTIY,SSANNCTFEY,SSEAFLIGCNY,SSPDDQIGYYR,STECSNLLLQY,STQDLFLPF,STQDLFLPFF,TDEMIAQY,TSEDMLNPNY,TTYPGQGLNGY,VATSRTLSY,YTELEPPCRF,YTGNYQCGHY,YTNSFTRGVY,YTTTIKPVTY,ALWEIQQV,ALWEIQQVV,APTLVPQEHYV,AVASKILGL,FELLHAPATV,FGDDTVIEV,FLLPSLATVA,FLPRVFSAV,FLTENLLLYI,FLWLLWPVTL,FLYENAFLPFA,FVNEFYAYL,FVTVYSHLL,GLLPPKNSI,GLMWLSYFI,GMSRIGMEV,GVYDYLVST,HLVDFQVTIA,ILTSLLVLV,IVAGGIVAI,KIADYNYKL,KIAEIPKEEV,KLGSLVVRC,KLKDCVMYA,KLLHKPIVWHV,KLMPVCVET,KLNIKLLGV,KLPDDFTGCV,KVDGVDVEL,KVDGVVQQL,LLLDRLNQL,LLLLDRLNQL,LLWPVTLAC,LLYDANYFL,LMIERFVSL,MMISAGFSL,RQLLFVVEV,SIWNLDYIINL,SLENVAFNV,SLIDLQEL,SLINTLNDL,SLPGVFCGV,SMWALIISV,SMWSFNPET,SVVSKVVKV,TMADLVYAL,TVYEKLKPV,VLPFNDGVYFA,VLQLPQGTTL,VLSEARQHL,YLATALLTL,AIVSTIQRKYK,FDIYNDKVAGF,FEYYHTTDPSF,GNYNYLYRLF,HWPQIAQF,LYYQNNVFM,PFFSNVTWF,QGYKSVNITF,RFLYIIKLIF,RVYSTGSNVF,RYFKYWDQTY,SFIEDLLF,SFLPGVYSV,SYATHSDKF,SYFTSDYYQLY,SYSLFDMSKF,TFEYVSQPFLM,TFNGECPNF,TYACWHHSI,TYERHSLSHF,TYKNTCDGTTF,VFVSNGTHW,VGYLQPRTFL,VMYASAVVLL,VYRGTTTYKL,YEQYIKWPWYI,YFMRFRRAF,YFPLQSYGF,YLQPRTFLL,APHGHVMVEL,APHGVVFLHV,IPARARVECF,IPTITQMNL,IPVAYRKVLL,KPPISFPL,KPYIKWDLL,NPKTPKYKF,SPIFLIVAA,SPRRARSVA,SPSGVYQCAM,TPVVQTIEV,VAKSHNIAL,VPANSTVLSF,ANRNRFLYI,APFLYLYAL,EGNSPFHPL,FPLKLRGTAV,FPQSAPHGVVF,FPRGQGVPI,GPKVKYLYF,IPRRNVATL,KPNELSRVL,KPRQKRTAT,LIIMRTFKV,LKKLKKSL,LLADKFPVL,MFDAYVNTF,NLHSSRLSF,NVKDFMSL,SAMVRMYIF,TLDSKTQSL,VPQEHYVRI,YEKLKPVL,YLKRRVVF,EIKESVQTF,FERDISTEIY,ITILDGISQY,KLVSSFLEM,LVKQGDDYVY,QLYLGGMSYY,SQRVAGDSGF,VLAAECTIF,VLTESNKKF,YLFDESGEF,GFMGRIRSV,VRSIFSRTL,YASAVVLLI,YRGTTTYKL,ARAGEAANF,FKNLREFVF,FRSSVLHST,FWRNTNPIQL,NVIPTITQM,QRNAPRITF,VFAQVKQIY,VRETMSYLF,VRIQPGQTF,VRNLQHRLY,WKYPQVNGL,WRNTNPIQL,FLYLYALVY,KFADDLNQL,MYASAVVLL,QSAPHGVVF,TRTQLPPAY,YADVFHLYL,YDYLVSTQEF,YFDKAGQKTY,YYKKDNSY,CNDPFLGVY,DSCNNYMLTY,FACPDGVKHVY,FIERYKLEGY,FIPMDSTVKNY,FTDGVCLFW,HTQVVDMSMTY,HVDTDLTKPY,ITGRLQSLQTY,QSCTQHQPY,SASFSTFKCY,SKRVDFCGKGY,TDLEGNFY,TVATSRTLSY,VSSPDAVTAY,YKIEELFYSY,YTNSFTRGVYY,ALLADKFPV,ALLAVFQSA,ELLHAPATV,FVDGVPFVV,FVLAAVYRI,HLVDFQVTI,ILGLPTQTV,ILSPLYAFA,KIFVDGVPFV,KLWAQCVQL,NLWNTFTRL,RIMTWLDMV,RLANECAQV,RLDKVEAEV,RLDKVEAEVQI,RLIDAMMFT,SLLMPILTL,YNLWNTFTRL,IQITISSFK,AQFAPSASAF,AWPLIVTAL,AYANRNRF,AYILFTRFF,EYHDVRVVL,EYHDVRVVLDF,GTITSGWTF,HFISNSWLMW,IFFITGNTL,KFALTCFSTQF,LYQPPQTSI,PFMIDVQQW,RYRIGNYKL,SWMESEFRV,APKEIIFL,APSASAFFGM,EPKLGSLVV,EPVLKGVKL,FPREGVFV,IPARARVEC,KPHNSHEGKTF,KPRSQMEIDF,LPKGIMMNV,LPQGFSALEPL,LPYPDPSRIL,MPASWVMRI,MPNMLRIMASL,RVQPTESIVRF,SPRRARSV,TPCSFGGVSV,TPINLVRDL,TPRDLGACI,VPANSTVL,VPGLPGTIL,VPHVGEIPV,FRLFARTRSM,HLKDGTCGL,HLRIAGHHL,LTIKKPNEL,MLRIMASL,TFKVSIWNL,TLKKRWQLA,RLYYDSMSY,VVYRAFDIY,AHAEETRKL,ASFDNFKFV,ERHSLSHFV,LHKPIVWHV,LRPDTRYV,MYKGLPWNV,NRYFRLTL,QYIKWPWYI,SAKNRARTV,VGYQPYRVV,VKNGSIHLY,VRQALLKTV,YAKPFLNKV,YQPYRVVVL,YRYNLPTMC,YVYSRVKNL,GRVDGQVDL,KKQQTVTLL,LRGTAVMSL,MKDLSPRWY,NTFTRLQSL,RNRFLYIIKL,RRGPEQTQGNF,SRYWEPEF,TANPKTPKY,YRSLPGVF,FYLITPVHV,HLDGEVITF,IYDEPTTTT,NYYKKDNSY,TRFASVYAW,YFIKGLNNL,YSEHPTFTSQY,VTEHDTLLY,VSDGGPNLY,GILGFVFTL,CLGGLLTMV,GLCTLVAML,FLYALALLL,NLVPMVATV,YVLDHLIVV,VLEETSVML,TTVYPPSSTAK,ILRGSVAHK,RLRAEAQVK,TVYPPSSTAK,RVRAYTYSK,AVFDRKSDAK,RYSIFFDY,TYGPVFMCL,DYCNVLNKEF,AYAQKIFKIL,GPISGHVLK,TPRVTGGGAM,RPHERNGFTV,RPPIFIRLL,ELRSRYWAI,RAKFKQLL,ELRRKMMYM,QAKWRLQTL,FLRGRAYGL,QNGALAINTF,LEKARGSTY,TQIQTRRSF,KMARLGKGY,GQGGSPTAM,ASCMGLIY,AVLLHEESM,APENAYQAY,IPSINVHHY
1038005	33497357	1334491,1334463,1334460,1334481,1334457,1334477,1334459,1334469,1334480	HCoV-229E-197-225,HCoV-NL63-197-226,HCoV-229E-57-86,HCoV-OC43-197-230,HCoV-HKU1-1317-1351,HCoV-OC43-85-123,HCoV-NL63-337-377,HCoV-HKU1-85-130,HCoV-HKU1-393-441	YVRVKHGDFSAVSSPMSNMTENERLLHFF,FYVRAKHGDFSGVASQEGVLSEREKLLHLI,FALFKARSHRGRAALIVFKILIHGISLSSM,SGFAVYVKSKVGNYRLPSTQKGSGMDTALLRNNI,CCCTGCGSACFSKCHNCCDEYGGHNDFVIKASHDD,PNKQCTVQQCFGKRGPNQNFGGGEMLKLGTSDPQFPIFA,EMQSQSSHVAQNTVLNASIPESKPLADDDSAIIEIVNEVLH,NNGIFSKVKNTKLYVDNTLYSEFSTIVIGSVFVNTSYTIVVQPHNG,RKRGVKQLPEQFDSLNLSAGTQHISNDFTPEDHSLLATLDDPYVEDSVA
1037435	32994364	1311732,1311685,1311774,1311743,1311721,1311663,1311750,1311868,1311674,1311782,1311941,1311657,1311771,1311705,1311839,1311676,1311673,1311797,1311944,1311725,1311776,1311813,1311773,1311780,1311698,1311846,1311682,1311775,1311749,1311678,1311772,1311650,1311654,1311810,1311779,1311869,1311932,1311660,1311777,1311691,1311791,1311840	SARS-CoV2 ORF1,SARS-CoV2 ORF3a,SARS-CoV2 N1,SARS-CoV2 N2,SARS-CoV2 N3,SARS-CoV2 N4,SARS-CoV2 N5,SARS-CoV2 S1,SARS-CoV2 S2,SARS-CoV2 S3,SARS-CoV2 S4,SARS-CoV2 S5,SARS-CoV2 epitope 1,SARS-CoV2 epitope 2,SARS-CoV2 epitope 3,SARS-CoV2 epitope 4,E1,E2,E3,E4,E5,E6,E7,E8,E9,E10,SARS-CoV2 NP 34-47,SARS-CoV2 NP 47-56,SARS-CoV2 NP 161-171,SARS-CoV2 NP 363-408,E11,E12,E13,E14,SARS-CoV2 NP 207-244,SARS-CoV2 NP 247-259,SARS-CoV-2 Spike 407-435,SARS-CoV-2 Spike 760-788,SARS-CoV-2 Spike 1135-1165,SARS-CoV-2 Spike 769-780,SARS-CoV-2 Spike 779-814,SARS-CoV-2 Spike 815-826	KSFDLGDELGTDPYEDFQENWNTKH,GDGTTSPISEHDYQIGGYTEKWESGVKDCVVLHS,NNAAIVLQLPQGTTLPKGFYAEGS,LLLLDRLNQLESKMSGKGQQQQGQ,KGQQQQGQTVTKKSAAEASKKPRQ,DAYKTFPPTEPKKDKKKKADETQA,LPQRQKKQQTVTLLPAADLDDFSK,TGTGVLTESNKKFLPFQQFGRDIA,FAQVKQIYKTPPIKDFGGFNFSQI,PDPSKPSKRSFIEDLLFNKVTLAD,YDPLQPELDSFKEELDKYFKNHTS,CCSCGSCCKFDEDDSEPVLKGVKL,NKKFLPFQQ,IAVEQDKN,RSFIEDLLFNK,FKEELDKYFK,EVRQIAPGQT,QTGKIADYNYKLPD,YNYKLPDDFT,KLPD,NSNNLDSKVGGN,RLFRKSNLKP,NLKPFERD,PCNGVEGFNC,GYQP,SFELL,GARSKQRRPQGLPN,NNTASWFTAL,LPQGTTLPKGF,FPPTEPKKDKKKKADETQALPQRQKKQQTVTLLPAADLDDFSKQLQ,NLCPF,ASVYAWNRKR,AWNRKR,RKRISNCV,PARMAGNGGDAALALLLLDRLNQLESKMSGKGQQQQGQ,TKKSAAEASKKPR,VRQIAPGQTGKIADYNYKLPDDFTGCVIA,CTQLNRALTGIAVEQDKNTQEVFAQVKQI,NTVYDPLQPELDSFKEELDKYFKNHTSPDVD,GIAVEQDKNTQE,QEVFAQVKQIYKTPPIKDFGGFNFSQILPDPSKPSK,RSFIEDLLFNKV
1038071	33083803	1334455,1334471	Ep9,sEp9	ANNAAIVLQLPQGTTLPKGFY,NNNAATVLQLPQGTTLPKGFY
1038477	33723016	1310622,1310513,1310526,1310780,1310806,1310598,1310488,1310292,1310411,1310286,1310517,1310464,1310430,1310960,1310732,1310415,1310564,1310265,1310502,1310250,1310756,72048,1310934,1310831,1310429,1310340	DR P16,DR P12,DR P01,DR P03,DR P19,DR P07,DR P06,DR P04,DR P14,DR P05,DR P17,DR P02,DR P15,DR P10,DR P18,DR P13,DR P11,DR P09,DR P20,DR P08,A24 P02,A24 P01,A24 P03,A24 P05,A24 P04,A24 P08	LSYYKLGASQRVAGD,ITRFQTLLALHRSYL,KDGIIWVATEGALNT,RWYFYYLGTGPEAGL,SKWYIRVGARKSAPL,LLLLDRLNQLESKMS,IGYYRRATRRIRGGD,ASWFTALTQHGKEDL,FMRIFTIGTVTLKQG,ASAFFGMSRIGMEVT,IWNLDYIINLIIKNL,GTWLTYTGAIKLDDK,FYVYSRVKNLNSSRV,YKHWPQIAQFAPSAS,QEEVQELYSPIFLIV,FNGLTVLPPLLTDEM,LDDFVEIIKSQDLSV,AIVLQLPQGTTLPKG,INVFAFPFTIYSLLL,AADLDDFSKQLQQSM,QYIKWPWYI,VYIGDPAQL,VYFLQSINF,SYFIASFRLF,FYVYSRVKNL,DYKHWPQIAQF
1037844	33327507	1316424,1322581,1326558,1327764,1324342,1324434,1316945,1315225	NL63-RBM1,NL63-RBM2_1,NL63-RBM2_2,NL63-RBM3,NL63-SPIKE541–554,NL63-DISC-like,COV2-SPIKE421–434,COV2-SPIKE742–759	FGGSCYVCKPHQVNI,NRVKSGSPGDSSWH,VKSGSPGDSSW,WHYTSYTIVGALYVT,SEGNSITGVPYPVS,SGGRGSGRGGNLTYLNLSSEL,FSQILPDPSKPSKRSFIE,CNGVEGFNCYFPLQS
1038514	33772767	1313757,1310250,1312961,1073280,1312849,1313378,1313207,1312786,1310598,1314005,1313311,1313059,1313553,1313575,1313576,1312257,1312283,1340666,1312288,1313484,1313230,1313875,7868,1313309,1312850,1342603,1345919,1341683,1312093,1312901,1339906,1343153,1343953,1345458,1346663,1341587,51217,1339827,1343149,1313257,1073912,533643,1313381,1312537,1345210,1343808,1313380,1312821,67176,25542,1340790,1341095,1339824,1341997,1341076,1343343,1346137,1344330,1344287,1343855,1346257,1341640,1344382,1346061,1341474,1339900,1342536,1343845,1341806,1313741,1310884,1312733,1340665,1343959,1345251,1311749,1342979,1339955,1342355,1340194,1346531,1345253,1339917,1069378	NCAP_WCPV_0393-0407,NCAP_WCPV_0397-0411,SPIKE_WCPV_1145-1159,SPIKE_WCPV_0553-0567,SPIKE_WCPV_0557-0571,NCAP_WCPV_0389-0403,VME1_WCPV_0005-0019,NCAP_WCPV_0157-0171,NCAP_WCPV_0221-0235,SPIKE_WCPV_0789-0803,SPIKE_WCPV_0809-0823,NCAP_WCPV_0161-0175,NCAP_WCPV_0033-0047,NCAP_WCPV_0037-0051,SPIKE_WCPV_0813-0827,SPIKE_WCPV_1253-1267,SPIKE_WCPV_1257-1271,AP3A_WCPV_0261-0275,NCAP_WCPV_0377-0391,NCAP_WCPV_0385-0399,SPIKE_WCPV_0657-0671,SPIKE_WCPV_0785-0799,SPIKE_WCPV_1259-1273,NCAP_WCPV_0013-0027,NCAP_WCPV_0373-0387,R1A_WCPV_1657-1671,R1A_WCPV_2153-2167,R1AB_WCPV_5117-5131,NCAP_WCPV_0217-0231,NCAP_WCPV_0249-0263,R1A_WCPV_1481-1495,R1A_WCPV_2177-2191,R1A_WCPV_3253-3267,R1A_WCPV_3825-3839,R1A_WCPV_4349-4363,R1AB_WCPV_0105-0119,R1AB_WCPV_4965-4979,R1AB_WCPV_4973-4987,R1AB_WCPV_5909-5923,SPIKE_WCPV_0777-0791,SPIKE_WCPV_1177-1191,SPIKE_WCPV_1249-1263,VME1_WCPV_0185-0199,VME1_WCPV_0189-0203,AP3A_WCPV_0253-0267,AP3A_WCPV_0257-0271,NCAP_WCPV_0009-0023,NCAP_WCPV_0237-0251,NCAP_WCPV_0245-0259,NCAP_WCPV_0357-0371,R1A_WCPV_1633-1647,R1A_WCPV_1821-1835,R1A_WCPV_1997-2011,R1A_WCPV_2729-2743,R1A_WCPV_2889-2903,R1A_WCPV_3249-3263,R1A_WCPV_4073-4087,R1A_WCPV_4385-4399,R1AB_WCPV_1685-1699,R1AB_WCPV_1749-1763,R1AB_WCPV_2133-2147,R1AB_WCPV_3125-3139,R1AB_WCPV_3877-3891,R1AB_WCPV_3881-3895,R1AB_WCPV_4529-4543,R1AB_WCPV_4917-4931,R1AB_WCPV_4969-4983,R1AB_WCPV_5589-5603,R1AB_WCPV_5869-5883,SPIKE_WCPV_0549-0563,SPIKE_WCPV_0781-0795,SPIKE_WCPV_0805-0819,Epitope 1,Epitope 1.1,Epitope 2,Epitope 3,Epitope 4,Epitope 6,Epitope 1 S1,Epitope 2 S1,Epitope 3 S2,Epitope 4 S3,Epitope 6 S2,SPIKE_0661-0675	TLLPAADLDDFSKQL,AADLDDFSKQLQQSM,LDSFKEELDKYFKNH,TESNKKFLPFQQFGR,KKFLPFQQFGRDIAD,QQTVTLLPAADLDDF,NGTITVEELKKLLEQ,IVLQLPQGTTLPKGF,LLLLDRLNQLESKMS,YKTPPIKDFGGFNFS,PSKPSKRSFIEDLLF,LPQGTTLPKGFYAEG,SGARSKQRRPQGLPN,SKQRRPQGLPNNTAS,SKRSFIEDLLFNKVT,CCKFDEDDSEPVLKG,DEDDSEPVLKGVKLH,EPIYDEPTTTTSVPL,DETQALPQRQKKQQT,RQKKQQTVTLLPAAD,NNSYECDIPIGAGIC,VKQIYKTPPIKDFGG,DDSEPVLKGVKLHYT,PRITFGGPSDSTGSN,KKKADETQALPQRQK,KYPQVNGLTSIKWAD,TTNIVTRCLNRVCTN,HRLYECLYRNRDVDT,AALALLLLDRLNQLE,KSAAEASKKPRQKRT,DAVTAYNGYLTSSSK,LQLCTFTRSTNSRIK,PQTSITSAVLQSGFR,SQGLLPPKNSIDAFK,YVQIPTTCANDPVGF,GVLVPHVGEIPVAYR,QKLLKSIAATRGATV,ATRGATVVIGTSKFY,LQFTSLEIPRRNVAT,NTQEVFAQVKQIYKT,VNIQKEIDRLNEVAK,SCGSCCKFDEDDSEP,QRVAGDSGFAAYSRY,GDSGFAAYSRYRIGN,SGVVNPVMEPIYDEP,NPVMEPIYDEPTTTT,QRNAPRITFGGPSDS,KGQQQQGQTVTKKSA,TVTKKSAAEASKKPR,IDAYKTFPPTEPKKD,EYYHTTDPSFLGRYM,FTCASEYTGNYQCGH,ATNKATYKPNTWCIR,IRSAAKKNNLPFKLT,FSAVGNICYTPSKLI,LYQPPQTSITSAVLQ,VIPDYNTYKNTCDGT,QLREPMLQSADAQSF,QIELKFNPPALQDAY,NVVCKTCGQQQTTLK,VPWDTIANYAKPFLN,HIQWMVMFTPLVPFW,QQLRVESSSKLWAQC,VESSSKLWAQCVQLH,GNCDTLKEILVTYNC,DALFAYTKRNVIPTI,KSIAATRGATVVIGT,NVANYQKVGMQKYST,IFTQTTETAHSCNVN,TGVLTESNKKFLPFQ,VFAQVKQIYKTPPIK,ILPDPSKPSKRSFIE,EPIYDEP,PRITFGGPSDS,SKQRRPQGLPN,LPQGTTLPKGF,LLLLDRLNQLE,DETQALPQRQK,KKFLPFQQFGR,ECDIPIGAGIC,YKTPPIKDFGG,SKRSFIEDLLF,DDSEPVLKGVKLH,ECDIPIGAGICASYQ
1037906	33443088	1330583,1330485	NC C-terminal domain 1,NC C-terminal domain 2	RTATKAYNV,IIWVATEGA
1037842	33325143	1319519	CoV2 S 417-425	KIADYNYKL
1037363	32913053	1309147,1309137,69657,21347,1309134,3956,1309124,72759,1125059,1309121,65176,16737,1309138,1309141,20354,20788	CoV-2 S 269-277,CoV-2 S 691-699,CoV-2 S 976-984,CoV-2 N 316-324,CoV-2 N 48-56,CoV-2 N 305-313,CoV-2 M 15-23,CoV-2 M 55-63,CoV-2 M 26-34,CoV-2 Orf1ab 2332-2340,CoV-2 Orf1ab 4515-4523,CoV-2 Orf1ab 3183-3191,CoV-2 Orf1ab 3732-3740,CoV-2 Orf1ab 3710-3718,M1 58-66,BMLF1 280-288	YLQPRTFLL,SIIAYTMSL,VLNDILSRL,GMSRIGMEV,NTASWFTAL,AQFAPSASA,KLLEQWNLV,WLLWPVTLA,FLFLTWICL,ILFTRFFYV,TMADLVYAL,FLLNKEMYL,SMWALIISV,TLMNVLTLV,GILGFVFTL,GLCTLVAML
1037486	32999467	1310872,1310623,1310508,1310258,1310776,1310772,1310879,1310816,1074914,36481,16743,16156,1074846,16501,1309124,1310804,1310396,1310957,37515,69720,31833,1075031,1075027,1310667,1310768,1310672,1310741,33668,1310541,1310928,1310291,62221,1310290,71397,1310463,1310672,1310469,4936,4307,1310821,72048,1310756,1310934,1310429,1310831,1310711,1310380,1310340,1310471,1310981,1310280,1075079,1310278,1310549,1310771,24466,1310370,17385,1310416,1310677,1310963,1310371,1310490,1075075,65630,1310914,1310425,1310332,1310435,1310343,75508,1310896,1310408,1310626,1310943,1310558,1310772,1074936,1310599,1310694,1005,57592,1075044,73668,1310570,190494,1310658,63291,1310482,1310840,1310703,70718,1087430,1310684,1310507,1310379,1309136,1310539,71996,1310518,1310526,1310464,1310780,1310292,1310286,1310488,1310598,1310250,1310265,1310960,1310564,1310513,1310415,1310411,1310430,1310622,1310517,1310732,1310806,1310502	A01_P01,A01_P02,A01_P03,A01_P04,A01_P05,A01_P06,A01_P07,A01_P08,A01_P09,A01_P10,A02_P01,A02_P02,A02_P03,A02_P04,A02_P05,A02_P06,A02_P07,A02_P08,A02_P09,A02_P10,A03_P01,A03_P02,A03_P03,A03_P04,A03_P05,A03_P06,A03_P07,A03_P08,A03_P09,A03_P10,A11_P01,A11_P02,A11_P03,A11_P04,A11_P05,A11_P06,A11_P07,A11_P08,A11_P09,A11_P10,A24_P01,A24_P02,A24_P03,A24_P04,A24_P05,A24_P06,A24_P07,A24_P08,A24_P09,A24_P10,B07_P01,B07_P02,B07_P03,B07_P04,B07_P05,B07_P06,B07_P07,B07_P08,B07_P09,B07_P10,B08_P01,B08_P02,B08_P03,B08_P04,B08_P05,B08_P06,B08_P07,B08_P08,B08_P09,B08_P10,B15_P01,B15_P02,B15_P03,B15_P04,B15_P05,B15_P06,B15_P07,B15_P08,B15_P09,B15_P10,B40_P01,B40_P02,B40_P03,B40_P04,B40_P05,B40_P06,B40_P07,B40_P08,B40_P09,B40_P10,C07_P01,C07_P02,C07_P03,C07_P04,C07_P05,C07_P06,C07_P07,C07_P08,C07_P09,C07_P10,DR_P01,DR_P02,DR_P03,DR_P04,DR_P05,DR_P06,DR_P07,DR_P08,DR_P09,DR_P10,DR_P11,DR_P12,DR_P13,DR_P14,DR_P15,DR_P16,DR_P17,DR_P18,DR_P19,DR_P20	TTDPSFLGRY,LTDEMIAQY,ISEHDYQIGGY,AGDSGFAAY,RTFKVSIWNLDY,RQEEVQELY,VDEAGSKSPIQY,SPDDQIGYY,GTGPEAGLPY,LIDLQELGKY,FLLPSLATV,FIAGLIAIV,ALSKGVHFV,FLAFVVFLL,KLLEQWNLV,SIWNLDYIINL,FIRQEEVQEL,YIDIGNYTV,LLLLDRLNQL,VLQLPQGTTL,KLFAAETLK,RLFRKSNLK,RIFTIGTVTLK,NIVNVSLVK,RIAGHHLGR,NLIIKNLSK,QLRARSVSPK,KTFPPTEPKK,KLDDKDPNFK,VTYVPAQEK,ASMPTTIAK,SVLNDILSR,ASKIITLKK,VTLAILTALR,GTITVEELKK,NLIIKNLSK,GVKHVYQLR,ATEGALNTPK,ASAFFGMSR,SSTASALGK,VYIGDPAQL,QYIKWPWYI,VYFLQSINF,FYVYSRVKNL,SYFIASFRLF,PFHPLADNKF,EYHDVRVVLDF,DYKHWPQIAQF,GYINVFAFPF,YYLGTGPEAGL,APHGHVMVEL,TPINLVRDL,APFLYLYAL,KPSFYVYSRV,RPLLESELVI,HPLADNKFAL,EPKLGSLVV,FPRGQGVPI,FPFTIYSLLL,NPANNAAIVL,YLKLRSDVL,EPVLKGVKL,IIKNLSKSL,TLDSKTQSL,TPKYKFVRI,VPMEKLKTL,FVKHKHAFL,DLKGKYVQI,GAKLKALNL,EAFEKMVSL,YQKVGMQKY,VLKGVKLHY,FLYLYALVY,LVKPSFYVY,WLSYFIASF,KVSIWNLDY,RQEEVQELY,IQYIDIGNY,LLNKHIDAY,NVFAFPFTIY,AEIVDTVSAL,SEPVLKGVKL,SELVIGAVIL,YEGNSPFHPL,LEYHDVRVVL,MEVTPSGTWL,NESLIDLQEL,TEAFEKMVSL,IEYPIIGDEL,TEVPANSTVL,NYMPYFFTL,VRFPNITNL,YYQLYSTQL,NRFLYIIKL,IRQEEVQEL,EYHDVRVVL,QRNAPRITF,KKADETQAL,VYDPLQPEL,IYNDKVAGF,KDGIIWVATEGALNT,GTWLTYTGAIKLDDK,RWYFYYLGTGPEAGL,ASWFTALTQHGKEDL,ASAFFGMSRIGMEVT,IGYYRRATRRIRGGD,LLLLDRLNQLESKMS,AADLDDFSKQLQQSM,AIVLQLPQGTTLPKG,YKHWPQIAQFAPSAS,LDDFVEIIKSQDLSV,ITRFQTLLALHRSYL,FNGLTVLPPLLTDEM,FMRIFTIGTVTLKQG,FYVYSRVKNLNSSRV,LSYYKLGASQRVAGD,IWNLDYIINLIIKNL,QEEVQELYSPIFLIV,SKWYIRVGARKSAPL,INVFAFPFTIYSLLL
1038013	33399535	1309147,1075005	SARS CoV2 Spike 269-277 YLQPRTFLL,SARS CoV2 Spike 919-927 NQKLIANQF	YLQPRTFLL,NQKLIANQF
1037935	33338412	1309147,16156,54725,36724,2801,54680,64710,37473	CoV2-S-protein-269-277,CoV2-S-protein-1220-1228,CoV2-S-protein-1000-1008,CoV2-S-protein-996-1004,CoV2-S-protein-958-966,CoV2-S-protein-1185-1193,CoV2-M-protein-61-70,CoV2-N-protein-222-230	YLQPRTFLL,FIAGLIAIV,RLQSLQTYV,LITGRLQSL,ALNTLVKQL,RLNEVAKNL,TLACFVLAAV,LLLDRLNQL
1038478	33744048	1311559,16737,37468,1311180,1309138,1309141,74593,74850,1311604,1074952,1338837,1310291,33269,33667,1311591,1313808,1330443,18395,1330544,70066,1338856,1318821,1310002,1338955,1329485,71663,1309137,1338971,1338838,1309656,1338972,1338839,1311587,62214,1313820,1311232,1310566,1310348,1310344,1310598,1310430,1310374,1310622,1310638,1310651,1310760,1310792,1310865,1179921,1310954,1310516,34768,1310643,1310861,1310685	SARS-CoV-2 ORF1ab (3122–3130),SARS-CoV-2 ORF1ab (3183–3191),SARS-CoV-2 ORF1ab (6749–6758),SARS-CoV-2 ORF3a protein (139–147),SARS-CoV-2 ORF1ab (3732–3740),SARS-CoV-2 ORF1ab (3710–3718),SARS-CoV-2 ORF1ab (6419–6427),SARS-CoV-2 ORF1ab (6851–6859),SARS-CoV-2 ORF3a protein (107–115),SARS-CoV-2 Chain A, spike glycoprotein (424–433),SARS-CoV-2 ORF1ab polyprotein (5583–5591),SARS-CoV-2 ORF1ab (2192–2200),SARS-CoV-2 ORF1ab (4892–4900),SARS-CoV-2 nucleocapsid phosphoprotein (362–370),SARS-CoV-2 ORF1ab (2600–2608),SARS-CoV-2 ORF1ab (1875–1883),SARS-CoV-2 ORF1ab (6159–6167),SARS-CoV-2 ORF1ab (4986–4994),SARS-CoV-2 ORF1ab (3159–3167),SARS-CoV-2 Chain A, spike glycoprotein (539–546),SARS-CoV-2 Chain A, spike glycoprotein (902–909),SARS-CoV-2 Chain A, spike glycoprotein (233–241),SARS-CoV-2 Chain A, spike glycoprotein (511–518),SARS-CoV-2 Chain A, spike glycoprotein (325–332),SARS-CoV-2 Chain A, spike glycoprotein (447–455),SARS-CoV-2 Chain A, spike glycoprotein (1060–1068),SARS-CoV-2 Chain A, spike glycoprotein (691–699),SARS-CoV-2 ORF1ab polyprotein (5385–5393),SARS-CoV-2 ORF1ab polyprotein (5573–5580),SARS-CoV-2 Chain A, spike glycoprotein (263–270),SARS-CoV-2 Chain A, spike glycoprotein (449–456),SARS-CoV-2 Spike glycoprotein (1216-1224),SARS-CoV-2 ORF1ab polyprotein  (3624-3632),SARS-CoV-2 envelope protein (16-24),SARS-CoV-2 ORF1ab (2002-2010),SARS-CoV-2 ORF1ab (808-816),SARS-CoV-2 ORF1ab (2211-2225),SARS-CoV-2 ORF1ab (471-485),SARS-CoV-2 ORF1ab (3908-3922),SARS-CoV-2 nucleocapsid phosphoprotein (221-235),SARS-CoV-2 envelope protein (56-70),SARS-CoV-2 ORF1ab (1801-1815),SARS-CoV-2 membrane glycoprotein (176-190),SARS-CoV-2 ORF3a protein (1-15),SARS-CoV-2 membrane glycoprotein (91-105),SARS-CoV-2 ORF1ab polyprotein (5018-5032),SARS-CoV-2 ORF1ab polyprotein (3948-3962),SARS-CoV-2 Spike glycoprotein (236-250),SARS-CoV-2 nucleocapsid phosphoprotein (301-315),SARS-CoV-2 ORF3a protein (206-220),SARS-CoV-2 Spike glycoprotein (1216-1230),SARS-CoV-2 envelope protein (21-35),SARS-CoV-2 ORF7a protein (1-15),SARS-CoV-2 Spike glycoprotein (51-65),SARS-CoV-2 membrane glycoprotein (41-55)	FLAHIQWMV,FLLNKEMYL,LLLDDFVEI,LLYDANYFL,SMWALIISV,TLMNVLTLV,YLDAYNMMI,YLNTLTLAV,YLYALVYFL,KLPDDFTGCV,ISDEFSSNV,ASMPTTIAK,KSAGFPFNK,KTFPPTEPK,STFNVPMEK,TTIKPVTYK,DYVYNPFMI,FYGGWHNML,NYLKRRVVF,VNFNFNGL,MAYRFNGI,INITRFQTL,VVLSFELL,SIVRFPNI,GNYNYLYRL,VVFLHVTYV,SIIAYTMSL,VTQLYLGGM,ITGLYPTL,AAYYVGYL,YNYLYRLF,IWLGFIAGL,SAFAMMFVK,SVLLFLAFV,TYKPNTWCI,VTNNTFTLK,LEASFNYLKSPNFSK,EEIAIILASFSASTS,EAFEKMVSLLSVLLS,LLLLDRLNQLESKMS,FYVYSRVKNLNSSRV,ESPFVMMSAPPAQYE,LSYYKLGASQRVAGD,MDLFMRIFTIGTVTL,MWLSYFIASFRLFAR,RAMPNMLRIMASLVL,SEFSSLPSYAAFATA,TRFQTLLALHRSYLT,WPQIAQFAPSASAFF,YFTSDYYQLYSTQLS,IWLGFIAGLIAIVMV,LAFVVFLLVTLAILT,MKIILFLALITLATC,TQDLFLPFFSNVTWF,NRNRFLYIIKLIFLW
1038542	33810465	1310841,1347032	RBD 376-390,RBD 404-410	TFKCYGVSPTKLNDL,GDEVRQI
1037766	33268522	1312058,1312047,1312057,1311990,1312064,1311971,1312041,1311559,1312003,1309138,120241,1311994,1312048,1312062,1312002,1312063,1312065,1312059,1309141,2998,120150,1311995,1312009,1311988,1312026,1312042,1312066,51442,1312004,16737,69392,16786,16743,1311989,64827,32240,69758,1312055,1312056,1312060,1311974,1311982,1312022,1309121,16820,1312016,16779,1312052,1312018,1312030,1311983,120287,1311973,1312061,1311991,1312038,1312053,1311987,1312008,16632,1312001,1312025,1312019,1311972,1125145,1312007,1311993,1312054,1311984,1312012,37766,27083,1312039,1311985,1312015,1311999,1312040,1312027,1312020,1312043,1312010,1312023	pp1a-84,pp1a-214,pp1a-597,pp1a-641,pp1a-2270,pp1a-2785,pp1a-3013,pp1a-3122,pp1a-3587,pp1a-3732,pp1a-103,pp1a-445,pp1a-619,pp1a-1675,pp1a-2569,pp1a-2968,pp1a-3115,pp1a-3128,pp1a-3710,pp1a-4094,pp1a-15,pp1a-52,pp1a-468,pp1a-685,pp1a-1109,pp1a-1161,pp1a-2168,pp1a-2563,pp1a-3047,pp1a-3183,pp1a-3467,pp1a-3482,pp1a-3639,pp1a-3753,pp1a-3807,pp1a-3886,pp1a-4266,pp1a-38,pp1a-106,pp1a-600,pp1a-702,pp1a-1114,pp1a-1312,pp1a-2332,pp1a-2884,pp1a-3083,pp1a-3403,pp1a-3475,pp1a-3583,pp1a-3662,pp1a-3798,pp1a-3871,pp1a-4183,pp1a-4283,pp1a-572,pp1a-692,pp1a-1143,pp1a-1214,pp1a-1387,pp1a-1642,pp1a-2076,pp1a-2228,pp1a-2235,pp1a-2249,pp1a-2363,pp1a-2901,pp1a-3827,pp1a-3917,pp1a-589,pp1a-881,pp1a-1148,pp1a-1367,pp1a-1433,pp1a-1962,pp1a-2226,pp1a-2230,pp1a-2242,pp1a-2348,pp1a-2364,pp1a-3344,pp1a-3839,pp1a-4032	VMVELVAEL,TLSEQLDFI,VMAYITGGV,FLRDGWEIV,YLNSTNVTI,AIFYLITPV,SLPGVFCGV,FLAHIQWMV,ILTSLLVLV,SMWALIISV,TLGVLVPHV,GLNDNLLEI,TVYEKLKPV,YLATALLTL,ILLLDQALV,YLEGSVRVV,YLTNDVSFL,WMVMFTPLV,TLMNVLTLV,ALWEIQQVV,QLSLPVLQV,GLVEVEKGV,KLNEEIAII,FLALCADSI,NLAKHCLHV,SLRVCVDTV,YMPYFFTLL,QLMCQPILL,IVAGGIVAI,FLLNKEMYL,VLAWLYAAV,FLNRFTTTL,FLLPSLATV,FLARGIVFM,TLGVYDYLV,KLWAQCVQL,VLSFCAFAV,VLSEARQHL,VLVPHVGEI,YITGGVVQL,ALNLGETFV,CLHVVGPNV,MLAKALRKV,ILFTRFFYV,FLPRVFSAV,LLFLMSFTV,FLNGSCGSV,VINGDRWFL,LLLTILTSL,RIMTWLDMV,CLLNRYFRL,VLLSVLQQL,ALLSDLQDL,YLASGGQPI,GISQYSLRL,SIIIGGAKL,VLLAPLLSA,FITESKPSV,KLMPVCVET,FLGRYMSAL,ILKPANNSL,NIIIWFLLL,LLSVCLGSL,ALGVLMSNL,WLMWLIINL,KLIEYTDFA,GLLPPKNSI,VLLSMQGAV,DLATNNLVV,KTLQPVSEL,LLSAGIFGA,ILGTVSWNL,SLINTLNDL,DLNGDVVAI,LINIIIWFL,IIWFLLLSV,SLIYSTAAL,QLFFSYFAV,LMWLIINLV,SMQNCVLKL,KLNIKLLGV,MLFTMLRKL
1037915	33440622	1310304,1314028,1331942,36351,1333128,1310304,1310265,1333689,1331320,1332093,1332331,1332121	AM48,AM49,AM50,AM51,AM52,AM55,AM57,AM63,AM65,AM54,AM56,AM66	CASYQTQTNSPRRAR,YQAGSTPCNGVEGFN,FDNPVLPFNDGVYFA,LGVYDYLVSTQEFRY,QDGNAAISDYDYYRY,CASYQTQTNSPRRAR,AIVLQLPQGTTLPKG,SNLKPFERDISTEIY,DNQDLNGNWYDFGDF,GLPGTILRTTNGDFL,IDLVPNQPYPNASFD,GNFGDQELIRQGTDY
1037809	33235258	1312108,1312109,1312110,1311551,1312111,1312119,1865,1312146,2463,1312154,2855,1074846,3944,1310291,5149,1312231,5447,5729,1312250,1312258,1312271,7121,1311144,1312344,923297,1312409,15604,1312410,1312411,1312413,1311559,16737,16743,16786,1312466,17675,1309115,1312524,18395,1312525,1311563,1312538,1311564,1311565,1312539,1312540,1312556,1312571,1311156,22916,1312627,1312630,1312631,1312637,1312639,1312640,24254,24322,1312662,1312679,1312703,27453,1312770,28464,1312782,1312789,1310518,31833,1312859,1312861,32183,1312899,1312900,33269,33667,1311176,34083,34613,1312963,1312988,37585,37610,37766,1310623,39913,40050,1313112,1313129,1313153,42732,42843,42873,1313188,1313196,1313197,1313213,1313218,1313244,1313252,1310703,1313269,1311201,1313332,50726,1313344,1313386,53562,1313417,53663,1310768,1313450,1075031,54597,55413,56562,56593,1311587,1313524,1313530,1313532,57419,1313540,1313543,1313555,1309137,1313651,1311591,1313717,1313718,1313723,1313726,63393,1311592,1313738,63762,1313744,1313745,1313755,1313756,1313766,65222,66198,1313808,1313818,1313820,1313822,1313890,1313916,1313923,1311232,1310928,71635,71767,1313935,1310934,72100,1313944,1313945,1313947,1313970,1313986,1313989,1313999,74593,1312064,1309147,1311604,1314048,76120,1314068,1314074,1314075,1087430,1314077	AEIRASANL,AELAKNVSL,AESHVDTDL,AEWFLAYIL,AEYHNESGL,AGFSLWVYK,AIDAYPLTK,ALAYYNTTK,ALCTFLLNK,ALGGSVAIK,ALRANSAVK,ALSKGVHFV,AQCFKMFYK,ASMPTTIAK,ATSRTLSYY,AVAKHDFFK,AVLQSGFRK,AYANSVFNI,AYILFTRFF,CEFCGTENL,CQYLNTLTLAVP,CTDDNALAY,DTDFVNEFY,EAFEKMVSLLSV,FAPSASAFF,FELEDFIPM,FENKTTLPV,FEYVSQPFL,FFASFYYVW,FFFAQDGNAAIS,FLAHIQWMV,FLLNKEMYL,FLLPSLATV,FLNRFTTTL,FLTENLLLY,FSAVGNICY,FTSDYYQLY,FYFYTSKTTVAS,FYGGWHNML,FYLTNDVSF,GEAANFCAL,GEFKLASHM,GETLPTEVL,GEVITFDNL,GEYSHVVAF,GFDYVYNPF,GKYVQIPTTCAN,GLVASIKNFKSV,GTDLEGNFY,GVAMPNLYK,GVYFASTEK,GVYYHKNNK,GVYYPDKVFRSS,HANEYRLYL,HEETIYNLL,HEGKTFYVL,HLMGWDYPK,HLYLQYIRK,HRFYRLANECAQ,HVVGPNVNK,IINNTVYTK,IMASLVLAR,IQITISSFK,ISDYDYYRY,ITPVHVMSK,IYLYLTFYL,IYNDKVAGF,KLFAAETLK,KLFDRYFKY,KLKDCVMYA,KLSYGIATV,KRVDWTIEY,KSAAEASKK,KSAGFPFNK,KTFPPTEPK,KTIQPRVEK,KVKYLYFIK,KYTQLCQYL,LEILDITPC,LKLFAAETLKAT,LLMPLKAPK,LLNKEMYLK,LLSAGIFGA,LTDEMIAQY,LTGHMLDMY,LTNDNTSRY,LVASIKNFK,LYLYALVYF,MIAQYTSAL,MSYYCKSHK,MTNRQFHQK,MTSCCSCLK,MYASAVVLL,NESGLKTIL,NETLVTMPL,NLIDSYFVV,NLLKDCPAV,NSASFSTFK,NTFTRLQSLENV,NYMPYFFTL,NYNYLYRLF,PTDNYITTY,QELYSPIFL,QEYADVFHL,QIYKTPPIK,QTFFKLVNK,RELHLSWEV,REQIDGYVM,REVLSDREL,RIAGHHLGR,RLFARTRSMWSF,RLFRKSNLK,RLISMMGFK,RQFHQKLLK,RYKLEGYAF,RYMNSQGLL,SAFAMMFVK,SAFYILPSIISN,SASKIITLK,SAVKLQNNELSP,SEFDRDAAM,SEFSSLPSYAAF,SEVGPEHSL,SHFVNLDNLRAN,SIIAYTMSL,SPYNSQNAVASK,STFNVPMEK,SYATHSDKF,SYFIASFRL,SYYKLGASQRVA,TAFVTNVNASSS,TEHSWNADL,TEVVGDIIL,TFDNLKTLLSLR,TFTYASALW,TIFKDASGK,TISLAGSYK,TLKGGAPTK,TLKSFTVEK,TLVKQLSSNFGA,TMLFTMLRK,TSFGPLVRK,TTIKPVTYK,TYACWHHSI,TYKPNTWCI,TYRRLISMMGFK,VLSGHNLAK,VQSTQWSLF,VTDVTQLYL,VTNNTFTLK,VTYVPAQEK,VVDKYFDCY,VVNARLRAK,VVTTKIALK,VYFLQSINF,VYMPASWVM,VYSTGSNVF,VYSVIYLYL,WESGVKDCV,WSMATYYLF,YELQTPFEI,YFIASFRLF,YIATNGPLK,YLDAYNMMI,YLNSTNVTI,YLQPRTFLL,YLYALVYFL,YSYATHSDK,YTMADLVYA,YVYSRVKNLNSS,YYHTTDPSF,YYKKDNSYF,YYQLYSTQL,YYTSNPTTF	AEIRASANL,AELAKNVSL,AESHVDTDL,AEWFLAYIL,AEYHNESGL,AGFSLWVYK,AIDAYPLTK,ALAYYNTTK,ALCTFLLNK,ALGGSVAIK,ALRANSAVK,ALSKGVHFV,AQCFKMFYK,ASMPTTIAK,ATSRTLSYY,AVAKHDFFK,AVLQSGFRK,AYANSVFNI,AYILFTRFF,CEFCGTENL,CQYLNTLTLAVP,CTDDNALAY,DTDFVNEFY,EAFEKMVSLLSV,FAPSASAFF,FELEDFIPM,FENKTTLPV,FEYVSQPFL,FFASFYYVW,FFFAQDGNAAIS,FLAHIQWMV,FLLNKEMYL,FLLPSLATV,FLNRFTTTL,FLTENLLLY,FSAVGNICY,FTSDYYQLY,FYFYTSKTTVAS,FYGGWHNML,FYLTNDVSF,GEAANFCAL,GEFKLASHM,GETLPTEVL,GEVITFDNL,GEYSHVVAF,GFDYVYNPF,GKYVQIPTTCAN,GLVASIKNFKSV,GTDLEGNFY,GVAMPNLYK,GVYFASTEK,GVYYHKNNK,GVYYPDKVFRSS,HANEYRLYL,HEETIYNLL,HEGKTFYVL,HLMGWDYPK,HLYLQYIRK,HRFYRLANECAQ,HVVGPNVNK,IINNTVYTK,IMASLVLAR,IQITISSFK,ISDYDYYRY,ITPVHVMSK,IYLYLTFYL,IYNDKVAGF,KLFAAETLK,KLFDRYFKY,KLKDCVMYA,KLSYGIATV,KRVDWTIEY,KSAAEASKK,KSAGFPFNK,KTFPPTEPK,KTIQPRVEK,KVKYLYFIK,KYTQLCQYL,LEILDITPC,LKLFAAETLKAT,LLMPLKAPK,LLNKEMYLK,LLSAGIFGA,LTDEMIAQY,LTGHMLDMY,LTNDNTSRY,LVASIKNFK,LYLYALVYF,MIAQYTSAL,MSYYCKSHK,MTNRQFHQK,MTSCCSCLK,MYASAVVLL,NESGLKTIL,NETLVTMPL,NLIDSYFVV,NLLKDCPAV,NSASFSTFK,NTFTRLQSLENV,NYMPYFFTL,NYNYLYRLF,PTDNYITTY,QELYSPIFL,QEYADVFHL,QIYKTPPIK,QTFFKLVNK,RELHLSWEV,REQIDGYVM,REVLSDREL,RIAGHHLGR,RLFARTRSMWSF,RLFRKSNLK,RLISMMGFK,RQFHQKLLK,RYKLEGYAF,RYMNSQGLL,SAFAMMFVK,SAFYILPSIISN,SASKIITLK,SAVKLQNNELSP,SEFDRDAAM,SEFSSLPSYAAF,SEVGPEHSL,SHFVNLDNLRAN,SIIAYTMSL,SPYNSQNAVASK,STFNVPMEK,SYATHSDKF,SYFIASFRL,SYYKLGASQRVA,TAFVTNVNASSS,TEHSWNADL,TEVVGDIIL,TFDNLKTLLSLR,TFTYASALW,TIFKDASGK,TISLAGSYK,TLKGGAPTK,TLKSFTVEK,TLVKQLSSNFGA,TMLFTMLRK,TSFGPLVRK,TTIKPVTYK,TYACWHHSI,TYKPNTWCI,TYRRLISMMGFK,VLSGHNLAK,VQSTQWSLF,VTDVTQLYL,VTNNTFTLK,VTYVPAQEK,VVDKYFDCY,VVNARLRAK,VVTTKIALK,VYFLQSINF,VYMPASWVM,VYSTGSNVF,VYSVIYLYL,WESGVKDCV,WSMATYYLF,YELQTPFEI,YFIASFRLF,YIATNGPLK,YLDAYNMMI,YLNSTNVTI,YLQPRTFLL,YLYALVYFL,YSYATHSDK,YTMADLVYA,YVYSRVKNLNSS,YYHTTDPSF,YYKKDNSYF,YYQLYSTQL,YYTSNPTTF
1038060	33503420	1310909,1334486,1334485,1334461,1334474,1310603,1072807,1334452,1334450,1334483,1310377,1334470,1334467,1334451,1334489,1310671,1334479,1334473,1334472,1334484,1334476,1334475,1312699,1313930,1334487,1310750,1334466,1309883,1334468,1334490,1334458,1334456,1334478,1334464,1313250,1334454,1334465	S16-30,S63-85,S63-85(N),S92-106,S139-153,S176-190,S205-219,S243-257,S263-275,S366-381,S406-420,S439-454,S455-469,S475-499,S495-509,S556-570,S675-689,S703-719,S703-719(N),S721-733,S793-812,S793-812(N),S909-923,S1065-1079,S1065-1079(N),S1106-1120,S1205-1222,E1-17,E12-25,M47-62,M160-175,M183-197,N43-57,N59-73,N77-91,N152-170,N357-373	VNLTTRTQLPPAYTN,TWFHAIHVSGTNGTKRFDNPVLP,TWFHAIHVSGTNGTKRFDNPVLP,FASTEKSNIIRGWIF,PFLGVYYHKNNKSWM,LMDLEGKQGNFKNLR,SKHTPINLVRDLPQG,ALHRSYLTPGDSSSG,AAYYVGYLQPRTF,SVLYNSASFSTFKCYG,EVRQIAPGQTGKIAD,NNLDSKVGGNYNYLYR,LFRKSNLKPFERDIS,AGSTPCNGVEGFNCYFPLQSYGFQP,YGFQPTNGVGYQPYR,NKKFLPFQQFGRDIA,QTQTNSPRRARSVAS,NSVAYSNNSIAIPTNFT,NSVAYSNNSIAIPTNFT,SVTTEILPVSMTK,PIKDFGGFNFSQILPDPSKP,PIKDFGGFNFSQILPDPSKP,IGVTQNVLYENQKLI,VTYVPAQEKNFTTAP,VTYVPAQEKNFTTAP,QRNFYEPQIITTDNT,KYEQYIKWPWYIWLGFIA,MYSFVSEETGTLIVNSV,LIVNSVLLFLAFVV,YIIKLIFLWLLWPVTL,DIKDLPKEITVATSRT,ASQRVAGDSGFAAYS,QGLPNNTASWFTALT,HGKEDLKFPRGQGVP,NSSPDDQIGYYRRAT,ANNAAIVLQLPQGTTLPKG,IDAYKTFPPTEPKKDKK
1037949	32979941	1309147,60242	YL9,SL9	YLQPRTFLL,SPRWYFYYL
1037266	32668444	1169540,1177400,1179524,1177750,1167599,1169536,1163721,1146707,1155225,63292,1153055,1159373,1169921,1176148,1162298,1130115,1177593,1164837,1130447,1167235,1130426,1180170,1172040,1159742,1162137,1160730,1135253,1174745,1142967,1180096,1153545,1141109,1161231,1143867,1172715,1133510,1140991,1172697,1160684,1148719,1130581,1152750,1139752,1172990,32185,1147450,1140063,1165516,62435,1153610,1157678,1176821,1167703,1169630,1142639,1137568,18936,1180981,1175604,68645,1177791,1175473,1167990,1178335,76399,1143868,1157569,1136882,67700,34023,1155019,1164040,1173329,1140321,1128003,1168015,1181136,1146242,1127699,1127822,1163184,1171295,1129180,1135876,1140868,1173802,1176720,1160723,1175200,1179453,1149886,46593,1179552,1158827,1150853,1131160,1156855,1179921,1143883,1160254,1160253,1163444,1172352,1169540,1177400,1179524,1177750,1167599,1169536,1163721,1146707,1155225,63292,1153055,1159373,1169921,1176148,1162298,1130115,1177593,1164837,1130447,1167235,1130426,1180170,1172040,1159742,1162137,1160730,1135253,1174745,1142967,1180096,1153545,1141109,1161231,1143867,1172715,1133510,1140991,1172697,1160684,1148719,1130581,1152750,1139752,1172990,32185,1147450,1140063,1165516,62435,1153610,1157678,1176821,1167703,1169630,1142639,1137568,18936,1180981,1175604,68645,1177791,1175473,1167990,1178335,76399,1143868,1157569,1136882,67700,34023,1155019,1164040,1173329,1140321,1128003,1168015,1181136,1146242,1127699,1127822,1163184,1171295,1129180,1135876,1140868,1173802,1176720,1160723,1175200,1179453,1149886,46593,1179552,1158827,27183,1310109,33669,1310210,1310080,1310054,1310061,1310178,1310215,1310166,1310077,1310181	NSP7-1,NSP7-2,NSP7-3,NSP7-4,NSP7-5,NSP7-6,NSP7-7,NSP7-8,NSP7-9,NSP7-10,NSP7-11,NSP7-12,NSP7-13,NSP7-14,NSP7-15,NSP13-1-1,NSP13-1-2,NSP13-1-3,NSP13-1-4,NSP13-1-5,NSP13-1-6,NSP13-1-7,NSP13-1-8,NSP13-1-9,NSP13-1-10,NSP13-1-11,NSP13-1-12,NSP13-1-13,NSP13-1-14,NSP13-1-15,NSP13-1-16,NSP13-1-17,NSP13-1-18,NSP13-1-19,NSP13-1-20,NSP13-1-21,NSP13-1-22,NSP13-1-23,NSP13-1-24,NSP13-1-25,NSP13-1-26,NSP13-1-27,NSP13-1-28,NSP13-1-29,NSP13-1-30,NSP13-1-31,NSP13-1-32,NSP13-1-33,NSP13-1-34,NSP13-1-35,NSP13-1-36,NSP13-1-37,NSP13-1-38,NSP13-1-39,NSP13-1-40,NSP13-2-41,NSP13-2-42,NSP13-2-43,NSP13-2-44,NSP13-2-45,NSP13-2-46,NSP13-2-47,NSP13-2-48,NSP13-2-49,NSP13-2-50,NSP13-2-51,NSP13-2-52,NSP13-2-53,NSP13-2-54,NSP13-2-55,NSP13-2-56,NSP13-2-57,NSP13-2-58,NSP13-2-59,NSP13-2-60,NSP13-2-61,NSP13-2-62,NSP13-2-63,NSP13-2-64,NSP13-2-65,NSP13-2-66,NSP13-2-67,NSP13-2-68,NSP13-2-69,NSP13-2-70,NSP13-2-71,NSP13-2-72,NSP13-2-73,NSP13-2-74,NSP13-2-75,NSP13-2-76,NSP13-2-77,NSP13-2-78,NSP13-2-79,NP 54,NP 17,NP 59,NP 61,NP 65-66,NP 21-22,NP 21,NP 22,NP 11,NSP7-1,NSP7-2,NSP7-3,NSP7-4,NSP7-5,NSP7-6,NSP7-7,NSP7-8,NSP7-9,NSP7-10,NSP7-11,NSP7-12,NSP7-13,NSP7-14,NSP7-15,NSP13-1-1,NSP13-1-2,NSP13-1-3,NSP13-1-4,NSP13-1-5,NSP13-1-6,NSP13-1-7,NSP13-1-8,NSP13-1-9,NSP13-1-10,NSP13-1-11,NSP13-1-12,NSP13-1-13,NSP13-1-14,NSP13-1-15,NSP13-1-16,NSP13-1-17,NSP13-1-18,NSP13-1-19,NSP13-1-20,NSP13-1-21,NSP13-1-22,NSP13-1-23,NSP13-1-24,NSP13-1-25,NSP13-1-26,NSP13-1-27,NSP13-1-28,NSP13-1-20,NSP13-1-30,NSP13-1-31,NSP13-1-32,NSP13-1-33,NSP13-1-34,NSP13-1-35,NSP13-1-36,NSP13-1-37,NSP13-1-38,NSP13-1-39,NSP13-1-40,NSP13-2-41,NSP13-2-42,NSP13-2-43,NSP13-2-44,NSP13-2-45,NSP13-2-46,NSP13-2-47,NSP13-2-48,NSP13-2-49,NSP13-2-50,NSP13-2-51,NSP13-2-52,NSP13-2-53,NSP13-2-54,NSP13-2-55,NSP13-2-56,NSP13-2-57,NSP13-2-58,NSP13-2-59,NSP13-2-60,NSP13-2-61,NSP13-2-62,NSP13-2-63,NSP13-2-64,NSP13-2-65,NSP13-2-66,NSP13-2-67,NSP13-2-68,NSP13-2-69,NSP13-2-70,NSP13-2-71,NSP13-2-72,NSP13-2-73,NSP13-2-74,NSP13-2-75,NSP13-2-76,NSP13-2-77,NSP13-2-78,NSP13-2-79,NP 71,NP 72,NP 73,NP 74,NP 75,NP 76,NP 77,NP 78,NP 79,NP 80,NP 81,NP 82	SKMSDVKCTSVVLLS,VKCTSVVLLSVLQQL,VVLLSVLQQLRVESS,VLQQLRVESSSKLWA,RVESSSKLWAQCVQL,SKLWAQCVQLHNDIL,QCVQLHNDILLAKDT,HNDILLAKDTTEAFE,LAKDTTEAFEKMVSL,TEAFEKMVSLLSVLL,KMVSLLSVLLSMQGA,LSVLLSMQGAVDINR,SMQGAVDINRLCEEM,VDINRLCEEMLDNRA,NRLCEEMLDNRATLQ,AVGACVLCNSQTSLR,VLCNSQTSLRCGACI,QTSLRCGACIRRPFL,CGACIRRPFLCCKCC,RRPFLCCKCCYDHVI,CCKCCYDHVISTSHK,YDHVISTSHKLVLSV,STSHKLVLSVNPYVC,LVLSVNPYVCNAPGC,NPYVCNAPGCDVTDV,NAPGCDVTDVTQLYL,DVTDVTQLYLGGMSY,TQLYLGGMSYYCKSH,GGMSYYCKSHKPPIS,YCKSHKPPISFPLCA,KPPISFPLCANGQVF,FPLCANGQVFGLYKN,NGQVFGLYKNTCVGS,GLYKNTCVGSDNVTD,TCVGSDNVTDFNAIA,DNVTDFNAIATCDWT,FNAIATCDWTNAGDY,TCDWTNAGDYILANT,NAGDYILANTCTERL,ILANTCTERLKLFAA,CTERLKLFAAETLKA,KLFAAETLKATEETF,ETLKATEETFKLSYG,TEETFKLSYGIATVR,KLSYGIATVREVLSD,IATVREVLSDRELHL,EVLSDRELHLSWEVG,RELHLSWEVGKPRPP,SWEVGKPRPPLNRNY,KPRPPLNRNYVFTGY,LNRNYVFTGYRVTKN,VFTGYRVTKNSKVQI,RVTKNSKVQIGEYTF,SKVQIGEYTFEKGDY,GEYTFEKGDYGDAVV,EKGDYGDAVVYRGTT,GDAVVYRGTTTYKLN,YRGTTTYKLNVGDYF,TYKLNVGDYFVLTSH,VGDYFVLTSHTVMPL,VLTSHTVMPLSAPTL,TVMPLSAPTLVPQEH,SAPTLVPQEHYVRIT,VPQEHYVRITGLYPT,YVRITGLYPTLNISD,GLYPTLNISDEFSSN,LNISDEFSSNVANYQ,EFSSNVANYQKVGMQ,VANYQKVGMQKYSTL,KVGMQKYSTLQGPPG,KYSTLQGPPGTGKSH,QGPPGTGKSHFAIGL,TGKSHFAIGLALYYP,FAIGLALYYPSARIV,ALYYPSARIVYTACS,SARIVYTACSHAAVD,YTACSHAAVDALCEK,HAAVDALCEKALKYL,ALCEKALKYLPIDKC,ALKYLPIDKCSRIIP,PIDKCSRIIPARARV,SRIIPARARVECFDK,ARARVECFDKFKVNS,ECFDKFKVNSTLEQY,FKVNSTLEQYVFCTV,TLEQYVFCTVNALPE,VFCTVNALPETTADI,NALPETTADIVVFDE,TTADIVVFDEISMAT,VVFDEISMATNYDLS,ISMATNYDLSVVNAR,NYDLSVVNARLRAKH,VVNARLRAKHYVYIG,LRAKHYVYIGDPAQL,KAYNVTQAFGRRGPE,DDQIGYYRRATRRIR,LIRQGTDYKHWPQIA,WPQIAQFAPSASAFF,GMEVTPSGTWLTYTGAIKLD,MKDLSPRWYFYYLGTGPEAG,MKDLSPRWYFYYLGT,PRWYFYYLGTGPEAG,SWFTALTQHGKEDLK,SKMSDVKCTSVVLLS,VKCTSVVLLSVLQQL,VVLLSVLQQLRVESS,VLQQLRVESSSKLWA,RVESSSKLWAQCVQL,SKLWAQCVQLHNDIL,QCVQLHNDILLAKDT,HNDILLAKDTTEAFE,LAKDTTEAFEKMVSL,TEAFEKMVSLLSVLL,KMVSLLSVLLSMQGA,LSVLLSMQGAVDINR,SMQGAVDINRLCEEM,VDINRLCEEMLDNRA,NRLCEEMLDNRATLQ,AVGACVLCNSQTSLR,VLCNSQTSLRCGACI,QTSLRCGACIRRPFL,CGACIRRPFLCCKCC,RRPFLCCKCCYDHVI,CCKCCYDHVISTSHK,YDHVISTSHKLVLSV,STSHKLVLSVNPYVC,LVLSVNPYVCNAPGC,NPYVCNAPGCDVTDV,NAPGCDVTDVTQLYL,DVTDVTQLYLGGMSY,TQLYLGGMSYYCKSH,GGMSYYCKSHKPPIS,YCKSHKPPISFPLCA,KPPISFPLCANGQVF,FPLCANGQVFGLYKN,NGQVFGLYKNTCVGS,GLYKNTCVGSDNVTD,TCVGSDNVTDFNAIA,DNVTDFNAIATCDWT,FNAIATCDWTNAGDY,TCDWTNAGDYILANT,NAGDYILANTCTERL,ILANTCTERLKLFAA,CTERLKLFAAETLKA,KLFAAETLKATEETF,ETLKATEETFKLSYG,TEETFKLSYGIATVR,KLSYGIATVREVLSD,IATVREVLSDRELHL,EVLSDRELHLSWEVG,RELHLSWEVGKPRPP,SWEVGKPRPPLNRNY,KPRPPLNRNYVFTGY,LNRNYVFTGYRVTKN,VFTGYRVTKNSKVQI,RVTKNSKVQIGEYTF,SKVQIGEYTFEKGDY,GEYTFEKGDYGDAVV,EKGDYGDAVVYRGTT,GDAVVYRGTTTYKLN,YRGTTTYKLNVGDYF,TYKLNVGDYFVLTSH,VGDYFVLTSHTVMPL,VLTSHTVMPLSAPTL,TVMPLSAPTLVPQEH,SAPTLVPQEHYVRIT,VPQEHYVRITGLYPT,YVRITGLYPTLNISD,GLYPTLNISDEFSSN,LNISDEFSSNVANYQ,EFSSNVANYQKVGMQ,VANYQKVGMQKYSTL,KVGMQKYSTLQGPPG,KYSTLQGPPGTGKSH,QGPPGTGKSHFAIGL,TGKSHFAIGLALYYP,FAIGLALYYPSARIV,ALYYPSARIVYTACS,SARIVYTACSHAAVD,YTACSHAAVDALCEK,HAAVDALCEKALKYL,ALCEKALKYLPIDKC,ALKYLPIDKCSRIIP,PIDKCSRIIPARARV,SRIIPARARVECFDK,ARARVECFDKFKVNS,ECFDKFKVNSTLEQY,FKVNSTLEQYVFCTV,TLEQYVFCTVNALPE,VFCTVNALPETTADI,NALPETTADIVVFDE,TTADIVVFDEISMAT,VVFDEISMATNYDLS,ISMATNYDLSVVNAR,NYDLSVVNARLRAKH,VVNARLRAKHYVYIG,LRAKHYVYIGDPAQL,ILLNKHIDAYKTFPP,HIDAYKTFPPTEPKK,KTFPPTEPKKDKKKK,TEPKKDKKKKADETQ,DKKKKADETQALPQR,ADETQALPQRQKKQQ,ALPQRQKKQQTVTLL,QKKQQTVTLLPAADL,TVTLLPAADLDDFSK,PAADLDDFSKQLQQS,DDFSKQLQQSMSSAD,QLQQSMSSADSTQA
1038086	33820835	1338215,1338212,1338213,1338209,1338208,1338210,1338207,1338214,1338206,1338211,1337002,1336532,1336531,1337427	Epitope of Ly-CoV555 Fab on SARS-CoV-2 RBD,Epitope of Ly-CoV488 Fab on SARS-CoV-2 RBD,Epitope of Ly-CoV481 Fab on SARS-CoV-2 RBD,Ab55 epitope,Ab60 epitope,Ab88 epitope,Ab89, Ab130 epitope,Ab145 epitope,Ab82 epitope,Ab127 epitope,Ab18 epitope,Ab104 epitope,Ab116 epitope,Ab16 epitope	IYQAGSTPCNGVEGFNCYFPLQSY,DISTEIYQAGSTPCNGVEGFNCYFPLQSYGFQPTNGVGYQPYRVVVL,DISTEIYQAGSTPCNGVEGFNCY,NTLVKQLSSNFGAISSVLNDILSRLDKVEAEVQIDRLITGRLQSLQTY
1037666	33164796	70718,1311525,1311528,1311523,1311378,1311392,1311387,1311409,1311351,1311370	SARS-CoV-2 #1,SARS-CoV-2 #2,SARS-CoV-2 #3,SARS-CoV-2 #4,SARS-CoV-2 #5,SARS-CoV-2 #6,SARS-CoV-2 #7,SARS-CoV-2 #8,SARS-CoV-2 #9,SARS-CoV-2 #10-1	VRFPNITNL,VYAWNRKRI,YNSASFSTFKCYGVSPTKLNDL,VYADSFVIRGDEV,IAPGQTGKI,KVGGNYNYL,IYQAGSTPC,NGVEGFNCYFPLQSYGFQPTNGVGY,FQPTNGVGYQPYRVVVLSFELLHAP,GPKKSTNL
