id_pmc	sentence location	highlighted phrase	protein entities found	number of protein entities
5009894	body	Peptide|include|the|immunodominant|Pb9|,|Ad|hexon|-|specific|H|-|2Kd|-|restrict|epitope|hex486–494|KYSPSNVKIA|(|Kia|)|,|Ad|DNA|-|bind|protein|(|dbp|)|-|specific|Ld|-|restrict|epitope|dbp413–421|LPKLTPFALA|(|Ala|)|,|MVA|epitope|previously|describe|E3|,|F2G|[|14|]|and|SI9|[|15|]|.	immunodominant|Pb9|Ad|hexon|Kia|Ad|DNA|-|binding|protein|Ala|MVA|epitopes|E3|F2G|SI9	16
3528774	body	In|some|experiment|anti|-|vector|immunity|be|measure|by|stimulate|cell|with|peptide|comprise|document|Ad5|H|-|2d|restricted|T|cell|epitope|include|Ala|(|LPKLTPFALA|)|and|KiA|(|KYSPSNVKIA|)|[|29|]|and|MVA|epitope|include|F2G|(|SPGAAGYDL|)|,|E3|(|VGPSNSPTF|)|[|30|]|and|C6|(|S|)|[|31|]|.	2d|restricted|T|cell|epitopes|Ala|MVA|epitopes|F2G|SPGAAGYDL|E3|VGPSNSPTF|C6	13
3528774	body	The|average|frequency|of|CD8+|splenocyte|IFN|-|γ+|response|to|P11|and|ALA|,|KiA|,|F2G|,|C6S|and|E3|vector|specific|epitope|by|mouse|in|each|vaccine|regimen|,|as|measure|by|ICS|,|be|display|(|F|)|.	IFN|P11|ALA|F2G|C6S|E3|vector|specific|epitopes	9
3528774	body	Response|to|MVA|vector|T|cell|epitope|C6S|,|F2G|(|*|p|=|0.031|,|*|p|=|0.015|respectively|,|datum|not|show|)|and|E3|(|*|*|p|=|0.0079|;|Figure|4e|)|be|low|in|splenocyte|of|mouse|that|receive|Ad+M|compare|to|those|vaccinate|with|MVA|.	C6S|F2G|E3|MVA	4
3528774	body	There|be|also|a|low|frequency|of|anti|-|MVA|specific|response|to|C6S|(|*|p|=|0.015|)|and|F2G|(|*|p|=|0.0079|)|response|present|in|PBMC|of|mouse|that|receive|Ad5+M|after|boost|compare|to|those|vaccinate|with|MVA|(|datum|not|show|)|.	-|MVA|C6S|F2G|MVA	5
3528774	body	Although|the|mixing|of|vector|do|reduce|anti|-|vector|immunity|compare|with|homologous|boosting|use|single|vector|,|the|magnitude|of|both|Ad5|specific|CD8+|KiA|(|spleen|,|*|*|p|=|0.0079|,|Figure|4d|)|and|Ala|peptide|(|PBMC|,|*|*|p|=|0.0079|,|datum|not|show|)|and|MVA|vector|specific|response|to|CD8+|E3|(|spleen|*|*|p|=|0.0079|,|Figure|4e|)|,|F2G|(|spleen|,|*|*|p|=|0.0079|;|PBMC|*|*|p|=|0.0079|;|datum|not|show|)|C6S|peptide|(|PBMC|,|*|p|=|0.011|,|datum|not|show|)|be|significantly|great|in|mouse|that|receive|a|homologous|prime|-|boost|with|Ad5+M|than|in|mouse|that|receive|the|heterologous|prime|-|boost|regime|.	CD8+|E3|F2G	3
3528774	body	The|total|Ad5|CD8+|KiA|and|ALA|specific|peptide|splenocyte|response|of|each|mouse|as|determine|by|flow|cytometry|be|sum|and|,|separately|,|total|CD8+|MVA|specific|E3|,|F2G|and|C6S|peptide|response|be|sum|(|datum|not|show|)|.	E3|F2G|C6S	3
3528774	body	The|combined|average|response|to|Ala|and|KiA|Ad5|vector|T|cell|specific|peptide|and|combined|average|response|to|F2G|,|C6S|and|E3|MVA|T|cell|vector|specific|peptide|be|reduce|in|mouse|that|receive|two|vaccination|with|Ad5+M|compare|to|those|that|receive|two|vaccination|of|Ad5|or|MVA|respectively|(|Figure|4f|)|.	Ala|F2G|C6S|Ad5|MVA	5
3412496	body	The|mouse|be|then|boost|8|week|later|with|MVA|-|TIP|(|express|the|major|MVA|CD8+|T|-|cell|epitope|E3L|and|F2G|,|as|well|as|Pb9|)|and|the|CD8+|response|against|the|three|epitope|Pb9|(|H|-|2Kd|)|,|E3|(|Dd|)|,|and|F2G|(|Ld|)|16|be|quantify|.	MVA|TIP|E3L|F2G|Pb9|epitopes|Pb9|E3|F2G	9
3412496	body	As|expect|,|we|observe|that|when|mouse|be|prim|and|boost|with|the|vector|encode|the|same|Pb9|transgene|,|strong|response|be|focus|toward|the|share|Pb9|antigen|at|the|expense|of|the|nonshared|MVA|epitope|(|E3|and|F2G|)|(|Figure|5d|)|,|which|be|decrease|as|compare|to|unprimed|mouse|.	Pb9|antigens|F2G	3
3412496	body	When|mouse|be|prim|with|an|Ad|encode|E3L|and|then|boost|with|MVA|-|TIP|,|the|response|to|the|shared|epitope|E3|be|strongly|favor|,|at|the|expense|of|the|Pb9|epitope|(|which|be|drastically|decrease|as|compare|to|unprimed|mouse|,|Figure|5d|)|or|the|F2G|epitope|contain|in|MVA|but|absent|in|the|Ad|-|E3L|prime|.	E3L|MVA|TIP|F2G|epitope|E3L	6
3412496	body	Measure|anti|-|Ad|immunity|in|an|experiment|require|the|use|of|AdH5|as|epitope|in|BALB|/|c|mouse|have|be|describe|for|this|particular|serotype.15|For|MVA|these|be|F2G|(|Ld|)|,|E3|(|Dd|)|,|and|C6S|(|H|-|2Kd|)|(|Figure|5e|)|.	epitopes|BALB|MVA|F2G|E3|C6S	6
2217327	body	♦|,|F2G|,|F2A|,|F2L|;|▪|,|I3T|,|I3A|,|I3G|;|▾|,|W4G|,|W4A|,|W4L|;|▵|,|FGG|,|GGW|;|•|,|FFF|,|III|,|WWW|;|red|○|,|F2R|,|I3R|,|W4R|;|blue|⋄|,|F2E|,|I3E|,|W4E|;|red|▴|,|FWI|,|WIF|,|IWF|.	F2G|F2A|F2L|I3T|I3A|I3G|W4G|W4A|FGG|FFF|F2R|I3R|W4R|F2E|I3E|W4E|FWI|WIF|IWF	19
6183238	body	F2e|STD|-|PCR|Molecular|cloning|FW|-|F2A|:|‘|TCCAGGACAGACCTTCAAC|’|(|A|-|haplotype|)|FW|-|F2G|:|‘|TCCAGGACAGACCCTCAG|’|(|G|-|haplotype|)|RV|-|F2|:|‘|GAAACAGTGCTTTGAATCAAAGAGC|’|(|both|)|F3e|STD|-|PCR|Molecular|cloning|FW|-|F3|:|‘|GCTCTTTGATTCAAAGCACTG|’|(|both|)|RV|-|F3A|:|‘|AAACAAACAGTCATGTTGGG|‘|(|A|-|haplotype|)|RV|-|F3G|:|‘|AAACAAACACTTATGTTGGGTTTTG|’|(|G|-|haplotype|)|F4e|STD|-|PCR|Molecular|cloning|FW|-|F4A|:|‘|CAAAACCCAACATGACTGTTTG|’|(|A|-|haplotype|)|RV|-|F4A|:|TTATTAACTCCTACTGTCTACTAAAACC|‘|(|A|-|haplotype|)|FW|-|F4G|:|CAAAACCCAACATAAGTGTTTG|(|G|-|haplotype|)|RV|-|F4G|:|TTATTAACTCCTACTGTTTACTAAAACCC|‘|(|G|-|haplotype|)|F5e|STD|-|PCR|Molecular|cloning|FW|-|F5A|:|‘|TTTAGTAGACAGTAGGAGTTAATAAAGAAG|(|A|-|haplotype|)|RV|-|F5A|:|CCATTATACAATAGTTAACATATCCCC|‘|(|A|-|haplotype|)|FW|-|F5G|:|TTTAGTAAACAGTAGGAGTTAATAAAGAAG|(|G|-|haplotype|)|RV|-|F5G|:|ACATTATACAATAGTTAACATATCTCCAC|(|G|-|haplotype|)|F6e|STD|-|PCR|Molecular|cloning|FW|-|F6A|:|‘|GGATATGTTAACTATTGTATAATGGGG|(|A|-|haplotype|)|FW|-|F6G|:|AGATATGTTAACTATTGTATAATGTGGC|(|G|-|haplotype|)|RV|-|F6|:|‘|GAGGGCACTAAACTTGATTTG|(|both|)|95°C|for|15|”|63°C|for|30|”|72°C|for|30|”|N.A|.	PCR|Molecular|cloning|FW|F2A|TCCAGGACAGACCTTCAAC|’|F2G|TCCAGGACAGACCCTCAG|’|F2|GAAACAGTGCTTTGAATCAAAGAGC|’|PCR|Molecular|cloning|FW|F3|GCTCTTTGATTCAAAGCACTG|’|(|both|)|RV|F3A|‘|AAACAAACAGTCATGTTGGG|‘|F3G|‘|AAACAAACACTTATGTTGGGTTTTG|’|PCR|Molecular|cloning|FW|F4A|CAAAACCCAACATGACTGTTTG|’|F4A|TTATTAACTCCTACTGTCTACTAAAACC|‘|F4G|F4G|PCR|Molecular|cloning|FW|F5A|‘|TTTAGTAGACAGTAGGAGTTAATAAAGAAG|F5A|F5G|F5G|PCR|Molecular|cloning|FW|F6A|F6G|F6|‘|GAGGGCACTAAACTTGATTTG	63
6219514	body	Flag|-|Flag|-|GFP|(|F2G|)|tag|alone|(|vector|)|or|F2G|-|tag|Gγ|(|WT|)|or|Gγ|(|ΔCAAX|)|in|gγΔ|cell|.	Flag|Flag|GFP|F2G|ΔCAAX	5
6219514	body	F2G|-|Gγ|(|WT|)|or|F2G|-|Gγ|(|ΔCAAX|)|be|express|in|gγΔ|cell|(|leave|)|.	F2G|F2G|ΔCAAX	3
6219514	body	Cell|be|fractionate|,|and|each|fraction|be|use|for|the|IP|of|F2G|or|F2G|-|tag|Gγ|.	F2G|F2G	2
6219514	body	Flag|-|tag|GFP|(|F2G|)|as|a|vector|(|V|)|,|F2G|-|Gβγ|,|and|F2G|contain|the|CAAX|box|(|a.a.|178–189|)|from|RasG|be|bind|to|bead|and|incubate|with|purify|full|-|length|Gip1|(|WT|)|or|C|terminus|-|delete|Gip1|,|a.a.|1–303|(|ΔC|)|Significance|of|complex|formation|in|chemotaxis|To|determine|whether|the|complex|formation|of|G|protein|with|Gip1|through|the|hydrophobic|cavity|play|a|role|in|chemotactic|signalling|,|we|examine|the|chemotaxis|ability|of|a|series|of|mutant|cell|that|exhibit|defect|in|the|cytosolic|sequestration|of|G|protein|.	Flag|F2G|F2G|RasG|C|terminus|Gip1|G|proteins|Gip1|G|proteins	12
6219514	body	pTX|-|Flag2|-|GFP|(|pTX|-|F2G|)|,|pTX|-|F2G|-|Gγ|,|pJK1|-|Gip1|-|GFP|-|Flag|,|pJK1|-|Gα2|(|at|a.a.|90|)|-|GFP|-|Flag|,|pHK12|-|(|bla|)|-|Gα2|(|at|a.a.|90|)|-|Halo|and|pHK12|-|(|bla|)|-|Gγ|-|Halo|be|describe|previously20|.	Flag2|GFP|F2G|F2G|pJK1|Gip1|GFP|Flag|pJK1|Gα2|GFP|Flag|pHK12|Gα2|pHK12|Gγ	16
6219514	body	pTX|-|F2G|-|Gγ|(|ΔCAAX|)|be|create|by|clone|the|cod|sequence|of|Gγ|lack|the|last|four|amino|acid|into|pTX|-|F2G|.	F2G|ΔCAAX|F2G	3
6219514	body	pTX|-|F2G|-|CAAX|(|RasG|)|be|create|to|express|additional|Cys|-|Thr|-|Leu|-|Leu|,|the|CAAX|box|of|RasG|,|after|GFP|.	F2G|CAAX|RasG|Thr|Leu|Leu|RasG|GFP	8
6219514	body	pTX|-|F2G|-|RasG|be|create|by|clone|the|cod|sequence|of|RasG|into|pTX|-|F2G|.	F2G|RasG|RasG|F2G	4
6219514	body	pTX|-|F2G|-|Rac1A|and|pTX|-|F2G|-|Rap1|be|create|by|clone|the|genomic|region|encode|each|gene|into|pTX|-|F2G|.	F2G|Rac1A|F2G|Rap1|F2G	5
6219514	body	Fractionation|assay|For|this|assay|,|gγΔ|cell|express|F2G|,|F2G|-|Gγ|(|WT|)|,|or|F2G|-|Gγ|(|ΔCAAX|)|be|wash|with|DB|and|starve|in|PM|buffer|at|a|density|of|2|×|107|cell|ml−1|for|2|h|at|21|°C|.	F2G|F2G|F2G|ΔCAAX|DB	5
7729732	body	Johan|Maertens|have|serve|as|a|consultant|and|on|speaker|bureaus|for|Amgen|,|Astellas|Pharma|,|Merck|,|Basilea|,|Pfizer|,|Schering|-|Plough|,|Shire|/|Takeda|,|Gilead|Sciences|,|Bio|-|Rad|,|F2G|,|Cidara|,|and|Scynexis|;|and|have|receive|research|grant|from|Merck|,|Pfizer|,|Gilead|Sciences|,|and|Bio|-|Rad|.	Bio|F2G|Bio	3
